Rk,Player,Tm,FantPos,Age,G,GS,Cmp,Passing Att,Passing Yds,Passing TD,Int,Rushing Att,Rushing Yds,Rushing Y/A,Rushing TD,Tgt,Rec,Receiving Yds,Receiving Y/R,Receiving TD,Fmb,FL,Total TD,PPR,PosRank
1,Derrick Henry*+,TEN,RB,26,16,16,0,0,0,0,0,378,2027,5.36,17,31,19,114,6,0,3,2,17,333.1,1
2,Alvin Kamara*,NOR,RB,25,15,10,0,0,0,0,0,187,932,4.98,16,107,83,756,9.11,5,1,0,21,377.8,2
3,Dalvin Cook*,MIN,RB,25,14,14,0,0,0,0,0,312,1557,4.99,16,54,44,361,8.2,1,5,3,17,337.8,3
4,Davante Adams*+,GNB,WR,28,14,14,0,0,0,0,0,0,0,,0,149,115,1374,11.95,18,1,1,18,358.4,1
5,Travis Kelce*+,KAN,TE,31,15,15,1,2,4,0,0,0,0,,0,145,105,1416,13.49,11,1,1,11,312.8,1
6,Tyreek Hill*+,KAN,WR,26,15,15,0,0,0,0,0,13,123,9.46,2,135,87,1276,14.67,15,1,0,17,328.9,2
7,Josh Allen*,BUF,QB,24,16,16,396,572,4544,37,10,102,421,4.13,8,1,1,12,12,1,9,6,9,396.1,1
8,Aaron Rodgers*+,GNB,QB,37,16,16,372,526,4299,48,5,38,149,3.92,3,1,1,-6,-6,0,4,2,3,383.3,2
9,Kyler Murray*,ARI,QB,23,16,16,375,558,3971,26,12,133,819,6.16,11,0,0,0,,0,9,4,11,378.7,3
10,Patrick Mahomes*,KAN,QB,25,15,15,390,588,4740,38,6,62,308,4.97,2,2,0,0,,0,5,2,2,374.4,4
11,Deshaun Watson*,HOU,QB,25,16,16,382,544,4823,33,7,90,444,4.93,3,0,0,0,,0,8,3,3,369.3,5
12,Jonathan Taylor,IND,RB,21,15,13,0,0,0,0,0,232,1169,5.04,11,39,36,299,8.31,1,1,1,12,252.8,4
13,Aaron Jones*,GNB,RB,26,14,14,0,0,0,0,0,201,1104,5.49,9,63,47,355,7.55,2,2,0,11,258.9,5
14,David Montgomery,CHI,RB,23,15,14,0,0,0,0,0,247,1070,4.33,8,68,54,438,8.11,2,1,1,10,264.8,6
15,Darren Waller*,LVR,TE,28,16,15,0,0,0,0,0,0,0,,0,145,107,1196,11.18,9,2,2,9,278.6,2
16,Russell Wilson*,SEA,QB,32,16,16,384,558,4212,40,13,83,513,6.18,2,0,0,0,,0,7,4,2,359.8,6
17,Stefon Diggs*+,BUF,WR,27,16,15,0,0,0,0,0,1,1,1,0,166,127,1535,12.09,8,0,0,8,328.6,3
18,James Robinson,JAX,RB,22,14,14,0,0,0,0,0,240,1070,4.46,7,60,49,344,7.02,3,3,1,10,250.4,7
19,Josh Jacobs*,LVR,RB,22,15,15,0,0,0,0,0,273,1065,3.9,12,45,33,238,7.21,0,2,2,12,231.3,8
20,Calvin Ridley,ATL,WR,26,15,15,0,0,0,0,0,5,1,0.2,0,143,90,1374,15.27,9,1,1,9,281.5,4
21,Nick Chubb*,CLE,RB,25,12,12,0,0,0,0,0,190,1067,5.62,12,18,16,150,9.38,0,1,1,12,207.7,9
22,D.K. Metcalf*,SEA,WR,23,16,16,0,0,0,0,0,0,0,,0,129,83,1303,15.7,10,1,1,10,271.3,5
23,Ryan Tannehill,TEN,QB,32,16,16,315,481,3819,33,7,43,266,6.19,7,1,1,0,0,0,6,1,7,344.4,7
24,Justin Jefferson*,MIN,WR,21,16,14,0,0,0,0,0,1,2,2,0,125,88,1400,15.91,7,1,0,7,274.2,6
25,Taysom Hill,NOR,TE,30,16,8,88,121,928,4,2,87,457,5.25,8,12,8,98,12.25,1,10,5,9,156.6,3
26,Tom Brady,TAM,QB,43,16,16,401,610,4633,40,12,30,6,0.2,3,0,0,0,,0,4,1,3,337.9,8
27,Adam Thielen,MIN,WR,30,15,15,0,0,0,0,0,3,15,5,0,108,74,925,12.5,14,0,0,14,254,7
28,Mike Evans,TAM,WR,27,16,16,0,0,0,0,0,0,0,,0,109,70,1006,14.37,13,0,0,13,248.6,8
29,A.J. Brown*,TEN,WR,23,14,12,0,0,0,0,0,0,0,,0,106,70,1075,15.36,11,2,1,12,247.5,9
30,Justin Herbert,LAC,QB,22,15,15,396,595,4336,31,10,55,234,4.25,5,0,0,0,,0,8,1,5,332.8,9
31,Lamar Jackson,BAL,QB,23,15,15,242,376,2757,26,9,159,1005,6.32,7,0,0,0,,0,10,4,7,332.8,10
32,Kareem Hunt,CLE,RB,25,16,5,0,0,0,0,0,198,841,4.25,6,51,38,304,8,5,2,0,11,218.5,10
33,DeAndre Hopkins*,ARI,WR,28,16,16,0,0,0,0,0,1,1,1,0,160,115,1407,12.23,6,3,2,6,287.8,10
34,Ezekiel Elliott,DAL,RB,25,15,15,0,0,0,0,0,244,979,4.01,6,71,52,338,6.5,2,6,5,8,223.7,11
35,Tyler Lockett,SEA,WR,28,16,16,0,0,0,0,0,0,0,,0,132,100,1054,10.54,10,1,0,10,265.4,11
36,Kenyan Drake,ARI,RB,26,15,13,0,0,0,0,0,239,955,4,10,31,25,137,5.48,0,3,1,10,192.2,12
37,Antonio Gibson,WAS,RB,22,14,10,0,0,0,0,0,170,795,4.68,11,44,36,247,6.86,0,1,2,11,202.2,14
38,Melvin Gordon,DEN,RB,27,15,10,0,0,0,0,0,215,986,4.59,9,44,32,158,4.94,1,4,4,10,198.4,13
39,Allen Robinson,CHI,WR,27,16,16,0,0,0,0,0,1,-1,-1,0,151,102,1250,12.25,6,0,0,6,262.9,12
40,Robert Tonyan,GNB,TE,26,16,8,0,0,0,0,0,0,0,,0,59,52,586,11.27,11,0,0,11,176.6,4
41,Robert Woods,LAR,WR,28,16,16,0,0,0,0,0,24,155,6.46,2,129,90,936,10.4,6,2,1,8,245.1,13
42,Ronald Jones II,TAM,RB,23,14,13,0,0,0,0,0,192,978,5.09,7,42,28,165,5.89,1,2,2,8,186.3,15
43,Chase Claypool,PIT,WR,22,16,6,0,0,0,0,0,10,16,1.6,2,109,62,873,14.08,9,3,1,11,214.9,14
44,Marvin Jones,DET,WR,30,16,16,0,0,0,0,0,0,0,,0,115,76,978,12.87,9,0,0,9,227.8,15
45,Brandin Cooks,HOU,WR,27,15,15,0,0,0,0,0,0,0,,0,119,81,1150,14.2,6,0,0,6,232,16
46,Kirk Cousins,MIN,QB,32,16,16,349,516,4265,35,13,32,156,4.88,1,0,0,0,,0,9,5,1,306.2,11
47,Mark Andrews,BAL,TE,25,14,2,0,0,0,0,0,0,0,,0,88,58,701,12.09,7,2,0,7,170.1,5
48,Chris Carson,SEA,RB,26,12,12,0,0,0,0,0,141,681,4.83,5,46,37,287,7.76,4,1,0,9,187.8,16
49,J.K. Dobbins,BAL,RB,22,15,1,0,0,0,0,0,134,805,6.01,9,24,18,120,6.67,0,2,0,9,168.5,17
50,D.J. Moore,CAR,WR,23,15,14,0,1,0,0,0,2,22,11,0,118,66,1193,18.08,4,0,0,4,211.5,17
51,Keenan Allen*,LAC,WR,28,14,13,0,1,0,0,0,1,-1,-1,0,147,100,992,9.92,8,3,2,8,245.1,18
52,Amari Cooper,DAL,WR,26,16,15,0,0,0,0,0,6,14,2.33,0,130,92,1114,12.11,5,0,0,5,236.8,19
53,T.J. Hockenson*,DET,TE,23,16,16,0,0,0,0,0,1,0,0,0,101,67,723,10.79,6,1,1,6,175.3,6
54,Mike Davis,CAR,RB,27,15,12,0,0,0,0,0,165,642,3.89,6,70,59,373,6.32,2,1,1,8,206.5,18
55,CeeDee Lamb,DAL,WR,21,16,14,0,0,0,0,0,10,82,8.2,1,111,74,935,12.64,5,2,1,7,217.7,20
56,David Johnson,HOU,RB,29,12,12,0,0,0,0,0,147,691,4.7,6,46,33,314,9.52,2,2,1,8,179.5,19
57,Mike Gesicki,MIA,TE,25,15,9,0,0,0,0,0,0,0,,0,85,53,703,13.26,6,0,0,6,159.3,7
58,D'Andre Swift,DET,RB,21,13,4,0,0,0,0,0,114,521,4.57,8,57,46,357,7.76,2,3,2,10,189.8,20
59,Logan Thomas,WAS,TE,29,16,15,1,1,28,0,0,3,5,1.67,0,110,72,670,9.31,6,0,0,6,176.6,8
60,Rob Gronkowski,TAM,TE,31,16,16,0,0,0,0,0,0,0,,0,77,45,623,13.84,7,1,0,7,149.3,9
61,Miles Sanders,PHI,RB,23,12,11,0,0,0,0,0,164,867,5.29,6,52,28,197,7.04,0,4,2,6,170.4,21
62,Nelson Agholor,LVR,WR,27,16,13,0,0,0,0,0,0,0,,0,82,48,896,18.67,8,0,0,8,185.6,21
63,JuJu Smith-Schuster,PIT,WR,24,16,14,0,0,0,0,0,0,0,,0,128,97,831,8.57,9,3,1,9,234.1,22
64,Clyde Edwards-Helaire,KAN,RB,21,13,13,0,0,0,0,0,181,803,4.44,4,54,36,297,8.25,1,0,0,5,176,22
65,Terry McLaurin,WAS,WR,25,15,15,0,0,0,0,0,2,30,15,0,134,87,1118,12.85,4,1,1,4,223.8,23
66,Will Fuller,HOU,WR,26,11,11,0,0,0,0,0,1,0,0,0,75,53,879,16.58,8,0,0,8,188.9,24
67,Curtis Samuel,CAR,WR,24,15,5,0,0,0,0,0,41,200,4.88,2,97,77,851,11.05,3,1,0,5,212.1,25
68,Jonnu Smith,TEN,TE,25,15,14,0,0,0,0,0,2,4,2,1,65,41,448,10.93,8,0,0,9,140.2,10
69,Todd Gurley,ATL,RB,26,15,15,0,0,0,0,0,195,678,3.48,9,35,25,164,6.56,0,2,0,9,163.2,23
70,Diontae Johnson,PIT,WR,24,15,13,0,0,0,0,0,3,15,5,0,144,88,923,10.49,7,2,1,7,221.8,26
71,Robbie Chosen,CAR,WR,27,16,16,0,0,0,0,0,4,15,3.75,0,136,95,1096,11.54,3,1,1,3,224.1,27
72,Jimmy Graham,CHI,TE,34,16,15,0,0,0,0,0,0,0,,0,76,50,456,9.12,8,1,0,8,143.6,11
73,Hayden Hurst,ATL,TE,27,16,9,0,0,0,0,0,0,0,,0,88,56,571,10.2,6,0,0,6,149.1,12
74,Tee Higgins,CIN,WR,21,16,14,0,0,0,0,0,5,28,5.6,0,108,67,908,13.55,6,1,1,6,194.6,28
75,Matt Ryan,ATL,QB,35,16,16,407,626,4581,26,11,29,92,3.17,2,0,0,0,,0,6,3,2,282.4,12
76,Derek Carr,LVR,QB,29,16,16,348,517,4103,27,9,39,140,3.59,3,0,0,0,,0,11,8,3,272.1,13
77,Ben Roethlisberger,PIT,QB,38,15,15,399,608,3803,33,10,25,11,0.44,0,0,0,0,,0,5,1,0,267.2,14
78,Matthew Stafford,DET,QB,32,16,16,339,528,4084,26,10,29,112,3.86,0,1,0,0,,0,2,1,0,260.6,15
79,Cam Newton,NWE,QB,31,15,15,242,368,2657,8,10,137,592,4.32,12,2,2,35,17.5,1,6,1,13,261,16
80,Baker Mayfield,CLE,QB,25,16,16,305,486,3563,26,8,54,165,3.06,1,1,1,6,6,0,8,4,1,248.6,17
81,Teddy Bridgewater,CAR,QB,28,15,15,340,492,3733,15,11,53,279,5.26,5,0,0,0,,0,6,3,5,241.2,18
82,Jared Goff,LAR,QB,26,15,15,370,552,3952,20,13,51,99,1.94,4,0,0,0,,0,7,4,4,240,19
83,Philip Rivers,IND,QB,39,16,16,369,543,4169,24,11,18,-8,-0.44,0,0,0,0,,0,2,1,0,240,20
84,Drew Brees,NOR,QB,41,12,12,275,390,2942,24,6,18,-2,-0.11,2,0,0,0,,0,6,2,2,209.5,21
85,Carson Wentz,PHI,QB,28,12,12,251,437,2620,16,15,52,276,5.31,5,0,0,0,,0,10,4,5,198.4,22
86,Drew Lock,DEN,QB,24,13,13,254,443,2933,16,15,44,160,3.64,3,0,0,0,,0,8,3,3,181.3,23
87,Daniel Jones,NYG,QB,23,14,14,280,448,2943,11,10,65,423,6.51,1,0,0,0,,0,10,6,1,180,24
88,Joe Burrow,CIN,QB,24,10,10,264,404,2688,13,5,37,142,3.84,3,0,0,0,,0,9,4,3,173.7,25
89,Gardner Minshew II,JAX,QB,24,9,8,216,327,2259,16,5,29,153,5.28,1,1,1,0,0,0,5,4,1,160.7,26
90,Mitchell Trubisky,CHI,QB,26,10,9,199,297,2055,16,8,33,195,5.91,1,0,0,0,,0,6,2,1,153.7,27
91,Ryan Fitzpatrick,MIA,QB,38,9,7,183,267,2091,13,8,30,151,5.03,2,1,1,0,0,0,2,0,2,153.7,28
92,Andy Dalton,DAL,QB,33,11,9,216,333,2170,14,8,28,114,4.07,0,1,1,-3,-3,0,2,1,0,136.9,29
93,Dak Prescott,DAL,QB,27,5,5,151,222,1856,9,4,18,93,5.17,3,1,1,11,11,1,3,3,4,135.6,31
94,Tua Tagovailoa,MIA,QB,22,10,9,186,290,1814,11,5,36,109,3.03,3,0,0,0,,0,1,1,3,135.5,30
95,Sam Darnold,NYJ,QB,23,12,12,217,364,2208,9,11,37,217,5.86,2,0,0,0,,0,4,2,2,134,32
96,James Conner,PIT,RB,25,13,11,0,0,0,0,0,169,721,4.27,6,43,35,215,6.14,0,2,0,6,164.6,25
97,Nyheim Hines,IND,RB,24,16,2,0,0,0,0,0,89,380,4.27,3,76,63,482,7.65,4,0,0,7,193.2,24
98,Jeff Wilson,SFO,RB,25,12,3,0,0,0,0,0,126,600,4.76,7,28,13,133,10.23,3,2,2,10,142.3,26
99,Cole Beasley,BUF,WR,31,15,10,1,1,20,1,0,0,0,,0,107,82,967,11.79,4,0,0,4,207.5,31
100,Corey Davis,TEN,WR,25,14,12,0,0,0,0,0,0,0,,0,92,65,984,15.14,5,1,1,5,191.4,29
101,Chris Godwin,TAM,WR,24,12,12,0,0,0,0,0,0,0,,0,84,65,840,12.92,7,1,0,7,191,30
102,Brandon Aiyuk,SFO,WR,22,12,11,0,0,0,0,0,6,77,12.83,2,96,60,748,12.47,5,0,0,7,184.5,33
103,Marquise Brown,BAL,WR,23,16,14,0,0,0,0,0,1,1,1,0,100,58,769,13.26,8,0,0,8,183,32
104,Myles Gaskin,MIA,RB,23,10,7,0,0,0,0,0,142,584,4.11,3,47,41,388,9.46,2,2,2,5,164.2,27
105,Gus Edwards,BAL,RB,25,16,6,0,0,0,0,0,144,723,5.02,6,13,9,129,14.33,0,1,1,6,128.2,28
106,Cooper Kupp,LAR,WR,27,15,12,0,0,0,0,0,4,33,8.25,0,124,92,974,10.59,3,1,1,3,208.7,34
107,Wayne Gallman,NYG,RB,26,15,10,0,0,0,0,0,147,682,4.64,6,27,21,114,5.43,0,1,0,6,136.6,29
108,Jarvis Landry,CLE,WR,28,15,14,4,4,74,1,0,4,10,2.5,1,101,72,840,11.67,3,2,0,4,188,35
109,Nick Mullens,SFO,QB,25,10,8,211,326,2437,12,12,9,8,0.89,0,0,0,0,,0,6,4,0,116.3,33
110,Chase Edmonds,ARI,RB,24,16,2,0,0,0,0,0,97,448,4.62,1,67,53,402,7.58,4,2,0,5,168,30
111,Tyler Boyd,CIN,WR,26,15,8,1,2,16,0,0,5,49,9.8,0,110,79,841,10.65,4,1,0,4,192.6,37
112,Michael Gallup,DAL,WR,24,16,15,0,0,0,0,0,0,0,,0,105,59,843,14.29,5,0,0,5,173.3,36
113,Darrell Henderson,LAR,RB,23,15,11,0,0,0,0,0,138,624,4.52,5,24,16,159,9.94,1,0,0,6,130.3,31
114,Jamison Crowder,NYJ,WR,27,12,7,1,1,43,1,0,1,14,14,0,89,59,699,11.85,6,0,0,6,172,38
115,Latavius Murray,NOR,RB,30,15,7,0,0,0,0,0,146,656,4.49,4,26,23,176,7.65,1,1,0,5,136.2,32
116,Adrian Peterson,DET,RB,35,16,10,0,0,0,0,0,156,604,3.87,7,18,12,101,8.42,0,0,0,7,124.5,33
117,Giovani Bernard,CIN,RB,29,16,10,0,0,0,0,0,124,416,3.35,3,59,47,355,7.55,3,1,1,6,158.1,36
118,Austin Ekeler,LAC,RB,25,10,10,0,0,0,0,0,116,530,4.57,1,65,54,403,7.46,2,1,0,3,165.3,35
119,J.D. McKissic,WAS,RB,27,16,7,0,0,0,0,0,85,365,4.29,1,110,80,589,7.36,2,3,1,3,191.4,34
120,Tim Patrick,DEN,WR,27,15,15,0,0,0,0,0,0,0,,0,79,51,742,14.55,6,0,0,6,161.2,39
121,Russell Gage,ATL,WR,24,16,8,1,2,39,1,0,2,9,4.5,0,109,72,786,10.92,4,0,0,4,181.1,40
122,T.Y. Hilton,IND,WR,31,15,15,0,0,0,0,0,0,0,,0,93,56,762,13.61,5,0,0,5,164.2,41
123,Jalen Hurts,PHI,QB,22,15,4,77,148,1061,6,4,63,354,5.62,3,1,1,3,3,0,9,2,3,109.1,34
124,Jerry Jeudy,DEN,WR,21,16,14,0,0,0,0,0,0,0,,0,113,52,856,16.46,3,2,0,3,157.6,43
125,Devin Singletary,BUF,RB,23,16,16,0,0,0,0,0,156,687,4.4,2,50,38,269,7.08,0,1,1,2,143.6,37
126,Mike Williams,LAC,WR,26,15,11,0,0,0,0,0,1,1,1,0,85,48,756,15.75,5,0,0,5,153.7,42
127,Nick Foles,CHI,QB,31,9,7,202,312,1852,10,8,16,1,0.06,1,0,0,0,,0,2,0,1,104.2,35
128,Emmanuel Sanders,NOR,WR,33,14,5,0,0,0,0,0,1,12,12,0,82,61,726,11.9,5,1,0,5,164.8,45
129,Marquez Valdes-Scantling,GNB,WR,26,16,12,0,0,0,0,0,4,13,3.25,0,63,33,690,20.91,6,1,1,6,137.3,44
130,DeVante Parker,MIA,WR,27,14,11,0,0,0,0,0,0,0,,0,103,63,793,12.59,4,1,0,4,166.3,46
131,Gabriel Davis,BUF,WR,21,16,11,0,0,0,0,0,1,0,0,0,62,35,599,17.11,7,1,0,7,136.9,47
132,DJ Chark,JAX,WR,24,13,12,0,0,0,0,0,0,0,,0,93,53,706,13.32,5,0,0,5,153.6,48
133,Keelan Cole,JAX,WR,27,16,5,0,0,0,0,0,1,2,2,0,88,55,642,11.67,5,0,0,6,155.4,49
134,Laviska Shenault Jr.,JAX,WR,22,14,12,0,0,0,0,0,18,91,5.06,0,79,58,600,10.34,5,0,0,5,157.1,50
135,Christian Kirk,ARI,WR,24,14,10,0,0,0,0,0,2,3,1.5,0,79,48,621,12.94,6,1,0,6,146.4,51
136,Sterling Shepard,NYG,WR,27,12,12,0,0,0,0,0,6,49,8.17,1,90,66,656,9.94,3,0,0,4,162.5,52
137,Leonard Fournette,TAM,RB,25,13,3,0,0,0,0,0,97,367,3.78,6,47,36,233,6.47,0,0,0,6,132,39
138,Jamaal Williams,GNB,RB,25,14,3,0,0,0,0,0,119,505,4.24,2,35,31,236,7.61,1,0,0,3,127.1,38
139,Julio Jones,ATL,WR,31,9,9,0,0,0,0,0,0,0,,0,68,51,771,15.12,3,0,0,3,146.1,53
140,Jerick McKinnon,SFO,RB,28,16,4,0,0,0,0,0,81,319,3.94,5,46,33,253,7.67,1,0,0,6,126.2,40
141,Zach Pascal,IND,WR,26,16,14,0,1,0,0,0,0,0,,0,71,44,629,14.3,5,0,0,5,136.9,54
142,Tony Pollard,DAL,RB,23,16,2,0,0,0,0,0,101,435,4.31,4,40,28,193,6.89,1,0,0,5,120.8,41
143,Cam Akers,LAR,RB,21,13,5,0,0,0,0,0,145,625,4.31,2,14,11,123,11.18,1,1,1,3,101.8,42
144,Darnell Mooney,CHI,WR,23,16,9,0,0,0,0,0,4,20,5,0,98,61,631,10.34,4,1,0,4,152.1,55
145,Darius Slayton,NYG,WR,23,16,15,0,0,0,0,0,2,-1,-0.5,0,96,50,751,15.02,3,1,1,3,141,56
146,Jared Cook,NOR,TE,33,15,5,0,0,0,0,0,0,0,,0,60,37,504,13.62,7,1,1,7,127.4,13
147,Zack Moss,BUF,RB,23,13,0,0,0,0,0,0,112,481,4.29,4,18,14,95,6.79,1,0,0,5,101.6,43
148,Noah Fant,DEN,TE,23,15,14,0,0,0,0,0,0,0,,0,93,62,673,10.85,3,0,0,3,149.3,14
149,Mecole Hardman,KAN,WR,22,16,8,0,0,0,0,0,4,31,7.75,0,62,41,560,13.66,4,2,2,5,128.1,57
150,Malcolm Brown,LAR,RB,27,16,0,0,0,0,0,0,101,419,4.15,5,33,23,162,7.04,0,1,1,5,109.1,45
151,Eric Ebron,PIT,TE,27,15,9,0,0,0,0,0,0,0,,0,91,56,558,9.96,5,1,1,5,141.8,15
152,Damien Harris,NWE,RB,23,10,10,0,0,0,0,0,137,691,5.04,2,7,5,52,10.4,0,1,0,2,91.3,44
153,Hunter Henry,LAC,TE,26,14,14,0,0,0,0,0,0,0,,0,93,60,613,10.22,4,0,0,4,145.3,16
154,Frank Gore,NYJ,RB,37,15,14,0,0,0,0,0,187,653,3.49,2,19,16,89,5.56,0,1,1,2,100.2,46
155,Tyler Higbee,LAR,TE,27,15,15,0,0,0,0,0,1,1,1,0,60,44,521,11.84,5,0,0,5,128.2,17
156,Rashard Higgins,CLE,WR,26,13,6,0,0,0,0,0,0,0,,0,52,37,599,16.19,4,3,0,4,120.9,58
157,Jakobi Meyers,NWE,WR,24,14,9,2,2,43,2,0,2,9,4.5,0,81,59,729,12.36,0,1,1,0,142.5,60
158,David Moore,SEA,WR,25,16,6,0,0,0,0,0,8,61,7.63,0,47,35,417,11.91,6,1,0,6,118.8,59
159,Raheem Mostert,SFO,RB,28,8,8,0,0,0,0,0,104,521,5.01,2,19,16,156,9.75,1,1,1,3,99.7,47
160,Dalton Schultz,DAL,TE,24,16,14,0,0,0,0,0,0,0,,0,89,63,615,9.76,4,1,1,4,146.5,18
161,Rex Burkhead,NWE,RB,30,10,0,0,0,0,0,0,67,274,4.09,3,33,25,192,7.68,3,0,0,6,107.6,48
162,Kendrick Bourne,SFO,WR,25,15,5,0,0,0,0,0,0,0,,0,74,49,667,13.61,2,0,0,2,129.7,61
163,Greg Ward,PHI,WR,25,16,10,1,1,15,0,0,2,-4,-2,0,79,53,419,7.91,6,2,0,6,133.1,62
164,Joe Mixon,CIN,RB,24,6,6,0,0,0,0,0,119,428,3.6,3,26,21,138,6.57,1,1,1,4,99.6,49
165,Evan Engram*,NYG,TE,26,16,14,0,0,0,0,0,6,26,4.33,1,109,63,654,10.38,1,1,1,2,141,19
166,Travis Fulgham,PHI,WR,25,13,8,0,0,0,0,0,0,0,,0,67,38,539,14.18,4,0,0,4,115.9,63
167,George Kittle,SFO,TE,27,8,8,0,0,0,0,0,2,17,8.5,0,63,48,634,13.21,2,0,0,2,125.1,20
168,Hunter Renfrow,LVR,WR,25,16,6,0,0,0,0,0,0,0,,0,77,56,656,11.71,2,2,1,2,131.6,64
169,Alexander Mattison,MIN,RB,22,13,2,0,0,0,0,0,96,434,4.52,2,15,13,125,9.62,1,0,0,3,86.9,50
170,Christian McCaffrey,CAR,RB,24,3,3,0,0,0,0,0,59,225,3.81,5,19,17,149,8.76,1,0,0,6,90.4,51
171,Antonio Brown,TAM,WR,32,8,4,0,0,0,0,0,2,-2,-1,0,62,45,483,10.73,4,0,0,4,117.1,66
172,Josh Reynolds,LAR,WR,25,16,13,0,0,0,0,0,1,5,5,0,81,52,618,11.88,2,2,1,2,124.3,65
173,Alex Smith,WAS,QB,36,8,6,168,252,1582,6,8,10,3,0.3,0,0,0,0,,0,2,0,0,71.6,36
174,Boston Scott,PHI,RB,25,16,4,0,0,0,0,0,80,374,4.68,1,36,25,212,8.48,1,2,0,2,95.6,52
175,Dallas Goedert,PHI,TE,25,11,9,0,0,0,0,0,0,0,,0,65,46,524,11.39,3,0,0,3,116.4,21
176,Brian Hill,ATL,RB,25,16,1,0,0,0,0,0,100,465,4.65,1,30,25,199,7.96,0,2,1,1,95.4,53
177,Isaiah McKenzie,BUF,WR,25,16,7,1,1,12,1,0,10,9,0.9,0,34,30,282,9.4,5,0,0,6,99.6,67
178,Scott Miller,TAM,WR,23,16,5,0,0,0,0,0,3,14,4.67,0,53,33,501,15.18,3,0,0,3,102.5,68
179,Devontae Booker,LVR,RB,28,16,1,0,0,0,0,0,93,423,4.55,3,21,17,84,4.94,0,1,0,3,85.7,55
180,Jalen Guyton,LAC,WR,23,16,9,0,0,0,0,0,2,0,0,0,55,28,511,18.25,3,0,0,3,97.1,70
181,Carlos Hyde,SEA,RB,30,10,1,0,0,0,0,0,81,356,4.4,4,20,16,93,5.81,0,1,0,4,84.9,54
182,Breshad Perriman,NYJ,WR,27,12,12,0,0,0,0,0,1,6,6,0,60,30,505,16.83,3,0,0,3,99.1,71
183,Irv Smith Jr.,MIN,TE,22,13,7,0,0,0,0,0,0,0,,0,43,30,365,12.17,5,0,0,5,98.5,22
184,Tre'Quan Smith,NOR,WR,24,14,10,0,0,0,0,0,1,3,3,0,50,34,448,13.18,4,1,0,4,103.1,72
185,James Washington,PIT,WR,24,16,7,0,0,0,0,0,0,0,,0,56,30,392,13.07,5,0,0,5,99.2,69
186,Damiere Byrd,NWE,WR,27,16,14,0,0,0,0,0,2,15,7.5,0,77,47,604,12.85,1,3,0,1,114.9,73
187,Dwayne Haskins,WAS,QB,23,7,6,148,241,1439,5,7,20,46,2.3,1,0,0,0,,0,6,3,1,68.2,37
188,Austin Hooper,CLE,TE,26,13,13,0,0,0,0,0,0,0,,0,70,46,435,9.46,4,0,0,4,113.5,23
189,Sony Michel,NWE,RB,25,9,6,0,0,0,0,0,79,449,5.68,1,9,7,114,16.29,1,0,0,2,75.3,56
190,James White,NWE,RB,28,14,0,0,0,0,0,0,35,121,3.46,2,62,49,375,7.65,1,1,0,3,116.6,57
191,Dan Arnold,ARI,TE,25,16,5,0,0,0,0,0,0,0,,0,45,31,438,14.13,4,2,1,4,96.8,24
192,Kalen Ballage,2TM,RB,25,11,2,0,0,0,0,0,91,303,3.33,3,37,29,166,5.72,0,1,0,3,93.9,58
193,Allen Lazard,GNB,WR,25,10,9,0,0,0,0,0,2,17,8.5,0,46,33,451,13.67,3,0,0,3,97.8,74
194,Benny Snell Jr.,PIT,RB,22,16,3,0,0,0,0,0,111,368,3.32,4,14,10,61,6.1,0,2,1,4,74.9,59
195,Odell Beckham Jr.,CLE,WR,28,7,7,1,1,18,0,0,3,72,24,1,43,23,319,13.87,3,0,0,4,86.8,76
196,John Brown,BUF,WR,30,9,8,0,0,0,0,0,0,0,,0,52,33,458,13.88,3,0,0,3,96.8,77
197,Jimmy Garoppolo,SFO,QB,29,6,6,94,140,1096,7,5,10,25,2.5,0,0,0,0,,0,2,0,0,64.3,38
198,A.J. Green,CIN,WR,32,16,14,0,0,0,0,0,0,0,,0,104,47,523,11.13,2,0,0,2,111.3,75
199,Kyle Juszczyk*,SFO,FB,29,16,15,0,0,0,0,0,17,64,3.76,2,29,19,202,10.63,4,1,0,6,81.6,60
200,Demarcus Robinson,KAN,WR,26,16,9,0,0,0,0,0,0,0,,0,59,45,466,10.36,3,2,1,3,107.6,78
201,Randall Cobb,HOU,WR,30,10,2,0,1,0,0,0,0,0,,0,48,38,441,11.61,3,0,0,3,100.1,79
202,Mike Glennon,JAX,QB,31,5,5,111,179,1072,7,5,6,17,2.83,0,0,0,0,,0,2,2,0,60.6,39
203,Willie Snead,BAL,WR,28,13,8,0,0,0,0,0,0,0,,0,48,33,432,13.09,3,1,0,3,94.2,80
204,Danny Amendola,DET,WR,35,14,5,0,0,0,0,0,1,2,2,0,69,46,602,13.09,0,0,0,0,106.4,81
205,Braxton Berrios,NYJ,WR,25,16,2,0,0,0,0,0,3,29,9.67,0,55,37,394,10.65,3,0,0,3,97.3,82
206,KJ Hamler,DEN,WR,21,13,4,0,0,0,0,0,9,40,4.44,0,56,30,381,12.7,3,2,0,3,90.1,83
207,Tyron Johnson,LAC,WR,24,12,0,0,0,0,0,0,3,17,5.67,0,26,20,398,19.9,3,0,0,3,79.5,85
208,Anthony Miller,CHI,WR,26,16,6,0,0,0,0,0,2,12,6,0,76,49,485,9.9,2,2,1,2,108.7,84
209,Le'Veon Bell,2TM,RB,28,11,4,0,0,0,0,0,82,328,4,2,20,16,138,8.63,0,1,0,2,74.6,62
210,Phillip Lindsay,DEN,RB,26,11,8,0,0,0,0,0,118,502,4.25,1,14,7,28,4,0,0,0,1,66,61
211,Michael Pittman Jr.,IND,WR,23,13,8,0,0,0,0,0,3,26,8.67,0,61,40,503,12.58,1,0,0,1,98.9,86
212,Salvon Ahmed,MIA,RB,22,6,4,0,0,0,0,0,75,319,4.25,3,14,11,61,5.55,0,0,0,3,69,64
213,Joshua Kelley,LAC,RB,23,14,0,0,0,0,0,0,111,354,3.19,2,23,23,148,6.43,0,2,2,2,81.2,63
214,Henry Ruggs III,LVR,WR,21,13,12,0,0,0,0,0,9,49,5.44,0,43,26,452,17.38,2,2,2,2,84.1,87
215,Chris Conley,JAX,WR,28,15,4,0,0,0,0,0,0,0,,0,63,40,471,11.78,2,1,1,2,97.1,88
216,Preston Williams,MIA,WR,23,8,7,0,0,0,0,0,0,0,,0,35,18,288,16,4,0,0,4,74.8,89
217,Duke Johnson,HOU,RB,27,11,5,0,0,0,0,0,77,235,3.05,1,35,28,249,8.89,1,3,2,2,84.4,65
218,Jalen Reagor,PHI,WR,21,11,11,0,0,0,0,0,4,26,6.5,0,54,31,396,12.77,1,2,0,2,87.2,90
219,Trey Burton,IND,TE,29,13,4,0,0,0,0,0,2,3,1.5,2,47,28,250,8.93,3,0,0,5,83.3,25
220,Darren Fells,HOU,TE,34,16,14,0,0,0,0,0,0,0,,0,28,21,312,14.86,4,0,0,4,76.2,26
221,Joe Flacco,NYJ,QB,35,5,4,74,134,864,6,3,6,22,3.67,0,0,0,0,,0,1,0,0,54.8,40
222,Samaje Perine,CIN,RB,25,16,1,0,0,0,0,0,63,301,4.78,3,12,11,66,6,0,0,0,3,65.7,66
223,Keke Coutee,HOU,WR,23,8,4,0,0,0,0,0,0,0,,0,40,33,400,12.12,3,4,3,3,87,92
224,Cam Sims,WAS,WR,24,16,10,0,0,0,0,0,1,5,5,0,48,32,477,14.91,1,1,0,1,86.2,91
225,Kerryon Johnson,DET,RB,23,16,2,0,0,0,0,0,52,181,3.48,2,26,19,187,9.84,1,1,1,3,71.8,67
226,C.J. Beathard,SFO,QB,27,6,2,66,104,787,6,0,6,28,4.67,0,0,0,0,,0,3,3,0,52.3,41
227,Gerald Everett,LAR,TE,26,16,7,0,0,0,0,0,1,2,2,1,62,41,417,10.17,1,1,1,2,92.9,27
228,Golden Tate,NYG,WR,32,12,4,1,2,18,0,0,0,0,,0,52,35,388,11.09,2,0,0,2,86.5,93
229,Peyton Barber,WAS,RB,26,16,2,0,0,0,0,0,94,258,2.74,4,7,4,12,3,0,0,0,4,55,68
230,Miles Boykin,BAL,WR,24,16,13,0,0,0,0,0,0,0,,0,33,19,266,14,4,0,0,4,69.6,95
231,Jakeem Grant,MIA,WR,28,14,4,0,0,0,0,0,3,20,6.67,0,54,36,373,10.36,1,2,0,2,87.3,94
232,Brandon Allen,CIN,QB,28,5,5,90,142,925,5,4,13,27,2.08,0,1,0,0,,0,1,1,0,49.7,42
233,Sammy Watkins,KAN,WR,27,10,9,0,1,0,0,1,1,3,3,0,55,37,421,11.38,2,1,1,2,87.4,96
234,Mo Alie-Cox,IND,TE,27,15,6,0,0,0,0,0,0,0,,0,39,31,394,12.71,2,1,1,2,80.4,28
235,Jordan Wilkins,IND,RB,26,15,0,0,0,0,0,0,84,308,3.67,1,16,12,105,8.75,0,0,0,1,61.3,69
236,Cordarrelle Patterson*+,CHI,WR,29,16,3,0,0,0,0,0,64,232,3.63,1,25,21,132,6.29,0,0,0,2,69.4,97
237,Deebo Samuel,SFO,WR,24,7,5,0,0,0,0,0,8,26,3.25,0,44,33,391,11.85,1,0,0,1,80.7,98
238,Jordan Akins,HOU,TE,28,13,5,0,0,0,0,0,1,4,4,0,49,37,403,10.89,1,0,0,1,83.7,31
239,Quintez Cephus,DET,WR,22,13,2,0,0,0,0,0,0,0,,0,35,20,349,17.45,2,0,0,2,66.9,99
240,Tyler Eifert,JAX,TE,30,15,4,0,0,0,0,0,0,0,,0,60,36,349,9.69,2,0,0,2,82.9,30
241,Larry Fitzgerald,ARI,WR,37,13,13,0,0,0,0,0,0,0,,0,72,54,409,7.57,1,0,0,1,100.9,100
242,Mark Ingram,BAL,RB,31,11,9,0,0,0,0,0,72,299,4.15,2,8,6,50,8.33,0,0,0,2,52.9,71
243,Ty Johnson,2TM,RB,23,13,1,0,0,0,0,0,54,254,4.7,1,21,16,99,6.19,1,0,0,2,63.3,70
244,Jordan Reed,SFO,TE,30,10,1,0,0,0,0,0,0,0,,0,46,26,231,8.88,4,0,0,4,73.1,29
245,Richard Rodgers,PHI,TE,28,14,4,0,0,0,0,0,0,0,,0,31,24,345,14.38,2,0,0,2,70.5,32
246,Kenny Golladay,DET,WR,27,5,5,0,0,0,0,0,0,0,,0,32,20,338,16.9,2,0,0,2,65.8,101
247,Justin Jackson,LAC,RB,24,9,4,0,0,0,0,0,59,270,4.58,0,24,19,173,9.11,0,0,0,0,65.3,72
248,Kyle Allen,WAS,QB,24,4,4,60,87,610,4,1,7,26,3.71,1,0,0,0,,0,1,1,1,45,43
249,Anthony Firkser,TEN,FB,25,16,1,0,0,0,0,0,0,0,,0,53,39,387,9.92,1,0,0,1,83.7,73
250,Donovan Peoples-Jones,CLE,WR,21,12,2,0,0,0,0,0,0,0,,0,20,14,304,21.71,2,0,0,2,58.4,102
251,Michael Thomas,NOR,WR,27,7,5,0,0,0,0,0,1,1,1,0,55,40,438,10.95,0,0,0,0,83.9,103
252,Chris Herndon,NYJ,TE,24,16,13,0,0,0,0,0,0,0,,0,45,31,287,9.26,3,2,2,3,73.7,34
253,Dawson Knox,BUF,TE,24,12,7,0,0,0,0,0,0,0,,0,44,24,288,12,3,2,2,3,66.8,33
254,Zach Ertz,PHI,TE,30,11,11,0,0,0,0,0,0,0,,0,72,36,335,9.31,1,0,0,1,77.5,35
255,Marvin Hall,2TM,WR,27,12,6,0,0,0,0,0,1,1,1,0,32,18,302,16.78,2,0,0,2,60.3,104
256,La'Mical Perine,NYJ,RB,22,10,0,0,0,0,0,0,64,232,3.63,2,15,11,63,5.73,0,0,0,2,52.5,74
257,Jack Doyle,IND,TE,30,14,12,0,0,0,0,0,0,0,,0,33,23,251,10.91,3,1,1,3,64.1,36
258,N'Keal Harry,NWE,WR,23,14,9,0,0,0,0,0,2,0,0,0,57,33,309,9.36,2,1,1,2,73.9,107
259,Jacob Hollister,SEA,TE,27,16,5,0,0,0,0,0,0,0,,0,40,25,209,8.36,3,0,0,3,65.9,37
260,Richie James,SFO,WR,25,11,7,0,0,0,0,0,0,0,,0,35,23,394,17.13,1,2,2,1,64.4,105
261,Collin Johnson,JAX,WR,23,14,0,0,0,0,0,0,0,0,,0,31,18,272,15.11,2,0,0,2,59.2,106
262,Cameron Brate,TAM,TE,29,16,1,0,0,0,0,0,0,0,,0,34,28,282,10.07,2,0,0,2,68.2,38
263,DeeJay Dallas,SEA,RB,22,12,2,0,0,0,0,0,34,108,3.18,2,20,17,111,6.53,1,0,0,3,56.9,76
264,Ito Smith,ATL,RB,25,14,0,0,0,0,0,0,63,268,4.25,1,26,17,75,4.41,0,1,0,1,57.3,75
265,DaeSean Hamilton,DEN,WR,25,16,2,0,0,0,0,0,0,0,,0,44,23,293,12.74,2,1,1,2,62.3,108
266,Drew Sample,CIN,TE,24,16,13,0,0,0,0,0,0,0,,0,53,40,349,8.73,1,1,1,1,78.9,39
267,Harrison Bryant,CLE,TE,22,15,9,0,0,0,0,0,0,0,,0,38,24,238,9.92,3,2,2,3,61.8,40
268,AJ Dillon,GNB,RB,22,11,0,0,0,0,0,0,46,242,5.26,2,2,2,21,10.5,0,0,0,2,40.3,77
269,Dion Lewis,NYG,RB,30,16,0,0,0,0,0,0,29,115,3.97,2,30,19,127,6.68,1,3,2,3,57.2,78
270,Denzel Mims,NYJ,WR,23,9,8,0,0,0,0,0,0,0,,0,44,23,357,15.52,0,0,0,0,60.7,109
271,Alfred Morris,NYG,RB,32,9,0,0,0,0,0,0,55,238,4.33,1,4,3,19,6.33,1,0,0,2,40.7,79
272,Will Dissly,SEA,TE,24,16,12,0,0,0,0,0,0,0,,0,29,24,251,10.46,2,0,0,2,61.1,42
273,Kyle Rudolph,MIN,TE,31,12,12,0,0,0,0,0,0,0,,0,37,28,334,11.93,1,1,1,1,65.4,41
274,Darrel Williams,KAN,RB,25,16,0,0,0,0,0,0,39,169,4.33,1,26,18,116,6.44,0,0,0,1,54.5,80
275,Julian Edelman,NWE,WR,34,6,1,2,2,38,0,0,2,22,11,0,39,21,315,15,0,0,0,0,56.2,110
276,Adam Humphries,TEN,WR,27,7,1,0,0,0,0,0,0,0,,0,35,23,228,9.91,2,0,0,2,57.8,111
277,Cedrick Wilson Jr.,DAL,WR,25,16,0,2,2,23,1,0,3,-12,-4,0,28,17,189,11.12,2,0,0,2,51.6,112
278,Andy Isabella,ARI,WR,24,13,2,0,0,0,0,0,1,-6,-6,0,35,21,224,10.67,2,1,0,2,54.8,113
279,Cole Kmet,CHI,TE,21,16,9,0,0,0,0,0,1,-3,-3,0,44,28,243,8.68,2,1,1,2,62,43
280,Donald Parham,LAC,TE,23,13,5,0,0,0,0,0,0,0,,0,20,10,159,15.9,3,0,0,3,43.9,44
281,Matt Breida,MIA,RB,25,12,1,0,0,0,0,0,59,254,4.31,0,10,9,96,10.67,0,2,1,0,42,81
282,Devin Duvernay,BAL,WR,23,16,3,0,0,0,0,0,4,70,17.5,0,26,20,201,10.05,0,0,0,1,53.1,115
283,David Njoku,CLE,TE,24,13,5,0,0,0,0,0,0,0,,0,29,19,213,11.21,2,0,0,2,52.3,45
284,Adam Shaheen,MIA,TE,26,16,5,0,0,0,0,0,0,0,,0,22,12,150,12.5,3,0,0,3,45,46
285,Durham Smythe,MIA,TE,25,15,13,0,0,0,0,0,0,0,,0,29,26,208,8,2,0,0,2,58.8,47
286,Olamide Zaccheaus,ATL,WR,23,11,2,0,0,0,0,0,1,0,0,0,32,20,274,13.7,1,0,0,1,53.4,114
287,Jeremy McNichols,TEN,RB,25,16,0,0,0,0,0,0,47,204,4.34,1,17,12,55,4.58,0,0,0,1,43.9,83
288,Jalen Richard,LVR,RB,27,13,0,0,0,0,0,0,22,123,5.59,1,23,19,138,7.26,0,1,0,1,51.1,82
289,Josh Adams,NYJ,RB,24,8,0,0,0,0,0,0,29,157,5.41,2,8,6,29,4.83,0,0,0,2,36.6,84
290,Ross Dwelley,SFO,TE,25,16,9,0,0,0,0,0,0,0,,0,24,19,245,12.89,1,0,0,1,49.5,48
291,DeSean Jackson,PHI,WR,34,5,5,0,0,0,0,0,1,12,12,0,26,14,236,16.86,1,0,0,1,44.8,116
292,Chad Beebe,MIN,WR,26,14,0,0,0,0,0,0,0,0,,0,30,20,201,10.05,2,2,1,2,50.1,118
293,Jeff Driskel,DEN,QB,27,3,1,35,64,432,3,2,6,28,4.67,0,0,0,0,,0,0,0,0,30.1,44
294,Chad Hansen,HOU,WR,25,5,2,0,0,0,0,0,0,0,,0,24,17,236,13.88,1,0,0,1,46.6,119
295,Jordan Howard,2TM,RB,26,7,4,0,0,0,0,0,35,60,1.71,4,1,1,-3,-3,0,1,0,4,30.7,85
296,Tyler Kroft,BUF,TE,28,10,4,0,0,0,0,0,0,0,,0,16,12,119,9.92,3,0,0,3,41.9,49
297,Greg Olsen,SEA,TE,35,11,8,0,0,0,0,0,0,0,,0,37,24,239,9.96,1,0,0,1,53.9,50
298,Steven Sims,WAS,WR,23,12,2,0,0,0,0,0,1,18,18,0,37,27,265,9.81,1,4,2,1,57.3,117
299,Devonta Freeman,NYG,RB,28,5,4,0,0,0,0,0,54,172,3.19,1,10,7,58,8.29,0,0,0,1,36,86
300,Tyler Johnson,TAM,WR,22,14,3,0,0,0,0,0,0,0,,0,17,12,169,14.08,2,0,0,2,40.9,120
301,Marcedes Lewis,GNB,TE,36,15,15,0,0,0,0,0,0,0,,0,17,10,107,10.7,3,0,0,3,38.7,51
302,Pharaoh Brown,HOU,TE,26,13,9,0,0,0,0,0,0,0,,0,16,14,163,11.64,2,0,0,2,42.3,52
303,Isaiah Ford,MIA,WR,24,10,1,0,0,0,0,0,0,0,,0,44,28,276,9.86,0,0,0,0,55.6,126
304,Deonte Harty,NOR,WR,23,9,2,0,0,0,0,0,6,51,8.5,0,25,20,186,9.3,1,3,1,1,47.7,125
305,Dontrelle Inman,WAS,WR,31,10,2,0,0,0,0,0,0,0,,0,28,18,163,9.06,2,1,0,2,46.3,121
306,Van Jefferson,LAR,WR,24,16,0,0,0,0,0,0,1,-1,-1,0,31,19,220,11.58,1,1,0,1,46.9,123
307,Jake Luton,JAX,QB,24,3,3,60,110,624,2,6,1,13,13,1,0,0,0,,0,2,0,1,28.3,45
308,Byron Pringle,KAN,WR,27,13,3,0,0,0,0,0,0,0,,0,17,13,160,12.31,1,0,0,2,41,122
309,Rodney Smith,CAR,RB,24,7,1,0,0,0,0,0,41,156,3.8,1,11,9,59,6.56,0,1,0,1,36.5,87
310,Freddie Swain,SEA,WR,22,16,1,0,0,0,0,0,0,0,,0,21,13,159,12.23,2,0,0,2,40.9,124
311,O.J. Howard,TAM,TE,26,4,1,0,0,0,0,0,0,0,,0,19,11,146,13.27,2,0,0,2,37.6,53
312,Mohamed Sanu,2TM,WR,31,10,4,0,0,0,0,0,1,3,3,0,24,17,187,11,1,0,0,1,44,127
313,Lynn Bowden Jr.,MIA,WR,23,10,4,1,2,32,0,0,9,32,3.56,0,37,28,211,7.54,0,0,0,0,53.6,128
314,Marcus Johnson,IND,WR,26,11,3,0,0,0,0,0,0,0,,0,28,14,255,18.21,0,0,0,0,39.5,129
315,Marcus Mariota,LVR,QB,27,1,0,17,28,226,1,1,9,88,9.78,1,0,0,0,,0,0,0,1,25.8,46
316,Foster Moreau,LVR,TE,23,16,2,0,0,0,0,0,0,0,,0,9,7,140,20,2,0,0,2,33,55
317,James O'Shaughnessy,JAX,TE,28,15,13,0,0,0,0,0,0,0,,0,38,28,262,9.36,0,0,0,0,54.2,54
318,Darwin Thompson,KAN,RB,23,14,1,0,0,0,0,0,27,97,3.59,1,11,7,65,9.29,1,0,1,2,33.2,88
319,Tyler Conklin,MIN,TE,25,16,2,0,0,0,0,0,0,0,,0,26,19,194,10.21,1,1,0,1,44.4,56
320,Bryan Edwards,LVR,WR,22,12,3,0,0,0,0,0,0,0,,0,15,11,193,17.55,1,0,0,1,36.3,130
321,Royce Freeman,DEN,RB,24,16,0,0,0,0,0,0,35,170,4.86,0,13,12,81,6.75,0,0,0,0,37.1,89
322,Jesse James,DET,TE,26,16,7,0,0,0,0,0,0,0,,0,22,14,129,9.21,2,0,0,2,38.9,57
323,Jamycal Hasty,SFO,RB,24,8,0,0,0,0,0,0,39,148,3.79,1,8,7,33,4.71,0,1,0,1,31.1,90
324,Chad Henne,KAN,QB,35,3,1,28,38,248,2,0,7,-2,-0.29,1,0,0,0,,0,2,0,1,23.7,47
325,Travis Homer,SEA,RB,22,9,0,0,0,0,0,0,25,88,3.52,0,10,9,90,10,1,0,0,1,32.8,91
326,Nick Boyle,BAL,TE,27,9,9,0,0,0,0,0,0,0,,0,17,14,113,8.07,2,0,0,2,37.3,58
327,Zay Jones,LVR,WR,25,16,2,1,1,29,0,0,0,0,,0,20,14,154,11,1,0,0,1,36.6,131
328,MyCole Pruitt,TEN,TE,28,11,4,0,0,0,0,0,0,0,,0,8,5,49,9.8,2,0,0,3,27.9,60
329,Chris Thompson,JAX,RB,30,8,0,0,0,0,0,0,7,20,2.86,0,23,20,146,7.3,1,0,0,1,42.6,92
330,Adam Trautman,NOR,TE,23,15,6,0,0,0,0,0,0,0,,0,16,15,171,11.4,1,0,0,1,38.1,59
331,Ameer Abdullah,MIN,RB,27,16,0,0,0,0,0,0,8,42,5.25,0,9,8,58,7.25,2,0,0,2,30,93
332,Mack Hollins,MIA,WR,27,16,2,0,0,0,0,0,0,0,,0,25,16,176,11,1,1,1,1,37.6,132
333,Jacoby Brissett,IND,QB,28,11,0,2,8,17,0,0,17,19,1.12,3,0,0,0,,0,0,0,3,20.6,48
334,Marquez Callaway,NOR,WR,22,11,3,0,0,0,0,0,0,0,,0,27,21,213,10.14,0,0,0,0,42.3,133
335,Olabisi Johnson,MIN,WR,23,16,3,0,0,0,0,0,0,0,,0,19,14,189,13.5,0,0,0,0,34.9,134
336,Gunner Olszewski+,NWE,WR,24,13,2,0,0,0,0,0,5,23,4.6,0,5,5,62,12.4,1,1,0,2,25.5,135
337,Ian Thomas,CAR,TE,24,16,8,0,0,0,0,0,0,0,,0,31,20,145,7.25,1,1,0,1,40.5,61
338,Alex Collins,SEA,RB,26,3,1,0,0,0,0,0,18,77,4.28,2,2,1,4,4,0,0,0,2,21.1,95
339,Dare Ogunbowale,JAX,RB,26,14,2,0,0,0,0,0,32,145,4.53,0,20,10,54,5.4,0,0,0,0,29.9,96
340,Kenny Stills,HOU,WR,28,10,0,0,0,0,0,0,0,0,,0,19,11,144,13.09,1,0,0,1,31.4,136
341,Antonio Williams,BUF,RB,23,1,0,0,0,0,0,0,12,63,5.25,2,1,1,20,20,0,0,0,2,21.3,94
342,Ryan Finley,CIN,QB,26,5,1,17,32,164,1,2,11,66,6,1,0,0,0,,0,0,0,1,19.2,49
343,John Hightower,PHI,WR,24,13,4,0,0,0,0,0,1,1,1,0,29,10,167,16.7,0,0,0,0,28.8,138
344,Jason Witten,LVR,TE,38,16,7,0,0,0,0,0,0,0,,0,17,13,69,5.31,2,0,0,2,31.9,62
345,Isaiah Wright,WAS,WR,23,14,6,0,1,0,0,0,3,16,5.33,0,35,27,197,7.3,0,3,1,0,46.3,137
346,Cameron Batson,TEN,WR,25,12,1,0,0,0,0,0,4,20,5,0,13,12,100,8.33,1,1,0,1,30,141
347,C.J. Ham,MIN,FB,27,15,11,0,0,0,0,0,5,18,3.6,0,13,8,97,12.13,1,0,0,1,25.5,99
348,KhaDarel Hodge,CLE,WR,25,9,0,0,0,0,0,0,0,0,,0,17,11,180,16.36,0,0,0,0,29,142
349,Ryan Izzo,NWE,TE,25,12,12,0,0,0,0,0,0,0,,0,20,13,199,15.31,0,1,1,0,30.9,64
350,Alshon Jeffery,PHI,WR,30,7,2,0,0,0,0,0,0,0,,0,13,6,115,19.17,1,0,0,1,23.5,144
351,D'Ernest Johnson,CLE,RB,24,16,0,0,0,0,0,0,33,166,5.03,0,4,3,14,4.67,0,1,0,0,21,98
352,Colt McCoy,NYG,QB,34,4,2,40,66,375,1,1,9,12,1.33,0,0,0,0,,0,1,1,0,18.2,51
353,Albert Okwuegbunam,DEN,TE,22,4,0,0,0,0,0,0,0,0,,0,15,11,121,11,1,0,0,1,29.1,63
354,Brandon Powell,ATL,WR,25,15,1,0,0,0,0,0,2,7,3.5,0,18,12,69,5.75,2,2,1,2,29.6,143
355,Kalif Raymond,TEN,WR,26,15,3,0,0,0,0,0,1,-3,-3,0,15,9,187,20.78,0,0,0,0,27.4,139
356,Mason Rudolph,PIT,QB,25,5,1,25,43,324,2,1,7,-6,-0.86,0,0,0,0,,0,0,0,0,18.4,50
357,Equanimeous St. Brown,GNB,WR,24,12,1,0,0,0,0,0,1,7,7,0,13,7,117,16.71,1,0,0,1,25.4,140
358,Ke'Shawn Vaughn,TAM,RB,23,10,0,0,0,0,0,0,26,109,4.19,0,10,5,34,6.8,1,1,1,1,23.3,97
359,JJ Arcega-Whiteside,PHI,WR,24,8,0,0,0,0,0,0,0,0,,0,8,4,85,21.25,0,0,0,1,20.5,151
360,Dez Bryant,BAL,WR,32,6,0,0,0,0,0,0,0,0,,0,11,6,47,7.83,2,0,0,2,22.7,148
361,Alec Ingold,LVR,FB,24,16,4,0,0,0,0,0,3,4,1.33,0,17,12,110,9.17,1,0,0,1,29.4,100
362,KeeSean Johnson,ARI,WR,24,8,1,0,0,0,0,0,0,0,,0,23,15,173,11.53,0,0,0,0,32.3,145
363,Anthony McFarland Jr.,PIT,RB,22,11,0,0,0,0,0,0,33,113,3.42,0,9,6,54,9,0,0,0,0,22.7,101
364,Jeff Smith,NYJ,WR,23,12,4,0,0,0,0,0,0,0,,0,37,17,167,9.82,0,0,0,0,33.7,149
365,Jace Sternberger,GNB,TE,24,12,0,0,0,0,0,0,0,0,,0,15,12,114,9.5,1,0,0,1,29.4,65
366,Mike Thomas,CIN,WR,26,14,0,0,0,0,0,0,1,1,1,0,21,13,132,10.15,1,1,1,1,30.3,146
367,Laquon Treadwell,ATL,WR,25,5,0,0,0,0,0,0,0,0,,0,7,6,49,8.17,2,0,0,2,22.9,147
368,Quez Watkins,PHI,WR,22,6,0,0,0,0,0,0,0,0,,0,13,7,106,15.14,1,0,0,1,23.6,150
369,Trayveon Williams,CIN,RB,23,10,0,0,0,0,0,0,26,157,6.04,0,5,5,30,6,0,1,1,0,21.7,102
370,Jamal Agnew,DET,WR,25,14,2,0,1,0,0,0,6,33,5.5,0,20,13,89,6.85,0,2,1,1,29.2,152
371,Noah Brown,DAL,WR,24,16,1,0,0,0,0,0,1,4,4,0,24,14,154,11,0,0,0,0,29.8,153
372,Corey Clement,PHI,RB,26,15,0,0,0,0,0,0,21,75,3.57,1,6,5,25,5,0,0,0,1,21,103
373,D'Onta Foreman,TEN,RB,24,6,0,0,0,0,0,0,22,95,4.32,0,1,1,5,5,1,0,0,1,17,104
374,Malcolm Perry,MIA,WR,23,9,2,0,0,0,0,0,3,5,1.67,0,13,9,92,10.22,1,1,0,1,24.7,154
375,Lee Smith,BUF,WR,33,10,2,0,0,0,0,0,0,0,,0,6,4,35,8.75,2,0,0,2,19.5,155
376,Nick Vannett,DEN,TE,27,15,11,0,0,0,0,0,0,0,,0,21,14,95,6.79,1,0,0,1,29.5,67
377,Maxx Williams,ARI,TE,26,9,8,0,0,0,0,0,0,0,,0,10,8,102,12.75,1,0,0,1,24.2,66
378,Reggie Bonnafon,CAR,RB,24,2,0,0,0,0,0,0,12,69,5.75,0,2,2,18,9,1,0,0,1,16.7,108
379,Darrell Daniels,ARI,TE,26,12,8,0,0,0,0,0,0,0,,0,11,8,92,11.5,1,0,0,1,23.2,68
380,Tyler Ervin,GNB,RB,27,8,0,0,0,0,0,0,13,67,5.15,0,15,11,84,7.64,0,0,0,0,26.1,107
381,Blaine Gabbert,TAM,QB,31,4,0,9,16,143,2,0,9,16,1.78,0,0,0,0,,0,1,0,0,15.3,52
382,Garrett Gilbert,DAL,QB,29,1,1,21,38,243,1,1,3,28,9.33,0,0,0,0,,0,0,0,0,14.5,53
383,Gabe Nabers,LAC,FB,23,16,5,0,0,0,0,0,2,7,3.5,0,7,5,25,5,2,0,0,2,20.2,105
384,Auden Tate,CIN,WR,23,9,2,0,0,0,0,0,0,0,,0,22,14,150,10.71,0,0,0,0,29,156
385,C.J. Uzomah,CIN,TE,27,2,2,0,0,0,0,0,0,0,,0,11,8,87,10.88,1,0,0,1,22.7,69
386,T.J. Yeldon,BUF,RB,27,3,0,0,0,0,0,0,10,70,7,0,4,1,22,22,1,1,0,1,16.2,106
387,Christian Blake,ATL,WR,24,16,0,0,0,0,0,0,0,0,,0,18,13,141,10.85,0,0,0,0,27.1,157
388,Darrynton Evans,TEN,RB,22,5,0,0,0,0,0,0,14,54,3.86,0,4,2,27,13.5,1,0,0,1,16.1,109
389,Troy Fumagalli,DEN,TE,25,8,0,0,0,0,0,0,0,0,,0,15,8,80,10,1,0,0,1,22,71
390,Geoff Swaim,TEN,TE,27,10,8,0,0,0,0,0,0,0,,0,12,9,83,9.22,1,0,0,1,23.3,70
391,Malik Taylor,GNB,WR,25,15,1,0,0,0,0,0,1,9,9,0,6,5,66,13.2,1,0,0,1,18.5,158
392,Mike Boone,MIN,RB,25,16,0,0,0,0,0,0,11,59,5.36,1,2,2,10,5,0,0,0,1,14.9,111
393,DeMichael Harris,IND,WR,22,7,0,0,0,0,0,0,6,46,7.67,0,10,10,79,7.9,0,0,0,0,22.5,160
394,LeSean McCoy,TAM,RB,32,10,0,0,0,0,0,0,10,31,3.1,0,19,15,101,6.73,0,0,0,0,28.2,110
395,Ty Montgomery,NOR,WR,27,6,1,0,0,0,0,0,19,101,5.32,0,6,3,27,9,0,0,0,0,15.8,159
396,Ryan Nall,CHI,RB,25,16,0,0,0,0,0,0,3,0,0,0,9,8,67,8.38,1,0,0,1,20.7,112
397,Jarrett Stidham,NWE,QB,24,5,0,22,44,256,2,3,7,7,1,0,0,0,0,,0,0,0,0,12.9,54
398,John Wolford,LAR,QB,25,1,1,22,38,231,0,1,6,56,9.33,0,0,0,0,,0,0,0,0,12.8,55
399,Tarik Cohen,CHI,RB,25,3,0,0,0,0,0,0,14,74,5.29,0,9,6,41,6.83,0,0,0,0,17.5,116
400,Chase Daniel,DET,QB,34,4,0,29,43,264,1,2,2,16,8,0,0,0,0,,0,0,0,0,12.2,56
401,Taylor Heinicke,WAS,QB,27,1,0,12,19,137,1,0,3,22,7.33,0,0,0,0,,0,0,0,0,11.7,57
402,Chris Hogan,NYJ,WR,33,5,4,0,0,0,0,0,0,0,,0,26,14,118,8.43,0,0,0,0,25.8,162
403,Patrick Laird,MIA,RB,25,16,0,0,0,0,0,0,13,72,5.54,0,12,10,68,6.8,0,1,1,0,22,114
404,Ray-Ray McCloud,PIT,WR,24,16,2,0,0,0,0,0,4,65,16.25,0,22,20,77,3.85,0,2,1,0,32.2,161
405,Dante Pettis,2TM,WR,25,7,1,0,0,0,0,0,0,0,,0,6,4,76,19,1,1,1,1,15.6,163
406,Troymaine Pope,LAC,RB,27,6,0,0,0,0,0,0,15,76,5.07,0,10,8,42,5.25,0,0,0,0,19.8,115
407,DeAndre Washington,2TM,RB,27,4,1,0,0,0,0,0,31,91,2.94,0,10,5,30,6,0,0,0,0,17.1,113
408,Stephen Anderson,LAC,TE,27,16,3,0,0,0,0,0,0,0,,0,11,8,106,13.25,0,0,0,0,18.6,75
409,Blake Bell,DAL,TE,29,16,2,0,0,0,0,0,1,2,2,0,15,11,110,10,0,0,0,0,22.2,72
410,Alex Erickson,CIN,WR,28,16,2,0,1,0,0,0,5,7,1.4,0,17,12,139,11.58,0,2,2,0,22.6,165
411,Virgil Green,LAC,TE,32,6,3,0,0,0,0,0,0,0,,0,6,3,50,16.67,1,0,0,1,14,74
412,Josh Hill,NOR,TE,30,14,7,0,0,0,0,0,0,0,,0,10,8,46,5.75,1,1,0,1,18.6,76
413,Lil'Jordan Humphrey,NOR,WR,22,3,1,0,0,0,0,0,0,0,,0,5,3,46,15.33,1,0,0,1,13.6,166
414,Brett Rypien,DEN,QB,24,3,1,27,40,295,2,4,5,-5,-1,0,0,0,0,,0,1,0,0,11.3,58
415,Kaden Smith,NYG,TE,23,15,12,0,0,0,0,0,0,0,,0,21,18,112,6.22,0,1,0,0,29.2,73
416,Diontae Spencer,DEN,WR,28,11,0,0,0,0,0,0,3,19,6.33,0,6,3,26,8.67,0,2,0,1,13.5,167
417,J.J. Taylor,NWE,RB,22,6,0,0,0,0,0,0,23,110,4.78,0,2,1,4,4,0,0,0,0,12.4,117
418,Javon Wims,CHI,WR,26,13,1,0,0,0,0,0,1,2,2,0,12,6,48,8,1,0,0,1,17,164
419,Devin Asiasi,NWE,TE,23,9,3,0,0,0,0,0,0,0,,0,7,2,39,19.5,1,0,0,1,11.9,77
420,C.J. Board,NYG,WR,27,14,4,0,0,0,0,0,1,3,3,0,16,11,101,9.18,0,0,0,0,21.4,168
421,Jakob Johnson,NWE,FB,26,16,11,0,0,0,0,0,0,0,,0,9,8,35,4.38,1,1,0,1,17.5,118
422,Vance McDonald,PIT,TE,30,14,12,0,0,0,0,0,0,0,,0,20,15,99,6.6,0,0,0,0,24.9,78
423,Brandon Zylstra,CAR,WR,27,16,2,0,0,0,0,0,1,1,1,0,4,3,35,11.67,0,0,0,1,12.6,169
424,Matt Barkley,BUF,QB,30,5,0,11,21,197,1,1,6,-6,-1,0,0,0,0,,0,0,0,0,9.3,60
425,Saquon Barkley,NYG,RB,23,2,2,0,0,0,0,0,19,34,1.79,0,9,6,60,10,0,0,0,0,15.4,119
426,Parris Campbell,IND,WR,23,2,2,0,0,0,0,0,2,16,8,0,9,6,71,11.83,0,0,0,0,14.7,173
427,Austin Carr,NOR,WR,27,6,0,0,0,0,0,0,0,0,,0,4,3,27,9,1,0,0,1,11.7,174
428,Tevin Coleman,SFO,RB,27,8,1,0,0,0,0,0,28,53,1.89,0,5,4,34,8.5,0,0,0,0,12.7,121
429,Dominique Dafney,GNB,TE,23,5,2,0,0,0,0,0,0,0,,0,2,2,26,13,1,0,0,1,10.6,79
430,Ryan Griffin,NYJ,TE,30,15,6,0,0,0,0,0,0,0,,0,12,9,86,9.56,0,0,0,0,17.6,80
431,Austin Mack,NYG,WR,23,11,1,0,0,0,0,0,0,0,,0,11,7,91,13,0,0,0,0,16.1,171
432,Trace McSorley,BAL,QB,25,2,0,3,10,90,1,0,5,17,3.4,0,0,0,0,,0,0,0,0,9.3,59
433,Artavis Pierce,CHI,RB,24,5,0,0,0,0,0,0,6,34,5.67,1,0,0,0,,0,0,0,1,9.4,120
434,Joe Reed,LAC,WR,22,11,0,0,0,0,0,0,5,29,5.8,1,1,0,0,,0,0,0,1,8.9,172
435,Trent Taylor,SFO,WR,26,12,1,0,0,0,0,0,0,0,,0,21,10,86,8.6,0,0,0,0,18.6,175
436,Tyrod Taylor,LAC,QB,31,2,1,16,30,208,0,0,6,7,1.17,0,0,0,0,,0,0,0,0,9,61
437,P.J. Walker,CAR,QB,25,4,1,32,56,368,1,5,5,-2,-0.4,0,1,0,0,,0,1,0,0,8.5,62
438,Justin Watson,TAM,WR,24,11,2,0,0,0,0,0,0,0,,0,11,7,94,13.43,0,0,0,0,16.4,170
439,Reggie Gilliam,BUF,FB,23,14,0,0,0,0,0,0,0,0,,0,2,2,16,8,1,0,0,1,9.6,125
440,Justice Hill,BAL,RB,23,12,0,0,0,0,0,0,12,60,5,0,5,5,20,4,0,0,0,0,13,123
441,Jake Kumerow,BUF,WR,28,6,0,0,0,0,0,0,0,0,,0,1,1,22,22,1,0,0,1,9.2,176
442,C.J. Prosise,HOU,RB,26,10,0,0,0,0,0,0,10,19,1.9,0,5,5,18,3.6,1,1,1,1,12.7,124
443,Patrick Ricard*,BAL,FB,26,15,10,0,0,0,0,0,1,-1,-1,0,12,9,45,5,1,1,1,1,17.4,122
444,Chris Streveler,ARI,QB,25,5,0,11,16,105,1,1,4,15,3.75,0,0,0,0,,0,1,0,0,7.7,63
445,Pharoh Cooper,CAR,WR,25,16,1,0,0,0,0,0,0,0,,0,8,5,73,14.6,0,1,0,0,12.3,177
446,Ben DiNucci,DAL,QB,24,3,1,23,43,219,0,0,6,22,3.67,0,0,0,0,,0,4,2,0,7,64
447,Buddy Howell,HOU,RB,24,14,0,0,0,0,0,0,16,64,4,0,2,1,3,3,0,0,0,0,7.7,129
448,Jaylen Samuels,PIT,RB,24,14,1,0,0,0,0,0,9,28,3.11,0,14,9,46,5.11,0,0,0,0,16.4,126
449,Anthony Sherman,KAN,RB,32,13,1,0,0,0,0,0,3,8,2.67,0,2,1,5,5,1,0,0,1,8.3,127
450,Keith Smith,ATL,FB,28,16,7,0,0,0,0,0,4,7,1.75,0,15,11,59,5.36,0,0,0,0,17.6,130
451,Courtland Sutton,DEN,WR,25,1,1,0,0,0,0,0,0,0,,0,6,3,66,22,0,0,0,0,9.6,178
452,Colin Thompson,CAR,TE,27,15,4,0,0,0,0,0,0,0,,0,2,1,7,7,1,0,0,1,7.7,81
453,Jonathan Ward,ARI,RB,23,14,0,0,0,0,0,0,0,0,,0,1,1,11,11,1,0,0,1,8.1,128
454,Ja'Marcus Bradley,CLE,WR,24,3,1,0,0,0,0,0,0,0,,0,11,5,60,12,0,0,0,0,11,182
455,Tyrie Cleveland,DEN,WR,23,10,0,0,0,0,0,0,0,0,,0,9,6,63,10.5,0,0,0,0,12.3,180
456,Jason Croom,PHI,TE,26,4,0,0,0,0,0,0,0,0,,0,1,1,3,3,1,0,0,1,7.3,82
457,Ashton Dulin,IND,WR,23,13,0,0,0,0,0,0,2,11,5.5,0,6,3,53,17.67,0,1,0,0,9.4,179
458,Marlon Mack,IND,RB,24,1,1,0,0,0,0,0,4,26,6.5,0,3,3,30,10,0,0,0,0,8.6,133
459,Jaydon Mickens,TAM,WR,26,10,0,0,0,0,0,0,0,0,,0,10,7,58,8.29,0,0,0,0,12.8,184
460,Steven Mitchell,HOU,WR,26,6,1,0,0,0,0,0,0,0,,0,8,5,60,12,0,0,0,0,11,183
461,Damion Ratley,NYG,WR,25,5,0,0,0,0,0,0,0,0,,0,10,4,63,15.75,0,1,0,0,10.3,181
462,Theo Riddick,LVR,RB,29,4,0,0,0,0,0,0,6,14,2.33,0,6,5,43,8.6,0,0,0,0,10.7,132
463,Luke Stocker,ATL,TE,32,16,13,0,0,0,0,0,0,0,,0,11,7,63,9,0,0,0,0,13.3,83
464,Jordan Thomas,2TM,TE,24,6,0,0,0,0,0,0,0,0,,0,2,1,3,3,1,0,0,1,7.3,84
465,Brandon Wilson,CIN,RB,26,15,0,0,0,0,0,0,0,0,,0,0,0,0,,0,0,0,1,6,131
466,Michael Burton,NOR,FB,28,15,4,0,0,0,0,0,7,18,2.57,0,4,4,28,7,0,0,0,0,8.6,136
467,Trenton Cannon,CAR,RB,26,14,0,0,0,0,0,0,10,33,3.3,0,3,3,16,5.33,0,0,0,0,7.9,135
468,Cethan Carter,CIN,TE,25,15,5,0,0,0,0,0,0,0,,0,7,5,53,10.6,0,0,0,0,10.3,85
469,Demetrius Harris,CHI,TE,29,15,5,0,0,0,0,0,0,0,,0,14,7,45,6.43,0,0,0,0,11.5,89
470,Dontrell Hilliard,2TM,RB,25,7,0,0,0,0,0,0,9,48,5.33,0,1,1,2,2,0,0,0,0,6,134
471,Chris Manhertz,CAR,TE,28,16,12,0,0,0,0,0,0,0,,0,8,6,52,8.67,0,0,0,0,11.2,87
472,Johnny Mundt,LAR,TE,26,16,1,0,0,0,0,0,0,0,,0,4,4,53,13.25,0,0,0,0,9.3,86
473,Trent Sherfield,ARI,WR,24,15,1,0,0,0,0,0,0,0,,0,7,5,50,10,0,0,0,0,10,186
474,Levine Toilolo,NYG,TE,29,16,2,0,0,0,0,0,0,0,,0,6,5,46,9.2,0,0,0,0,9.6,88
475,Nick Westbrook-Ikhine,TEN,WR,23,14,1,0,0,0,0,0,0,0,,0,8,3,33,11,0,0,0,0,8.3,185
476,Isaiah Zuber,NWE,WR,23,4,0,0,0,0,0,0,2,21,10.5,0,2,2,29,14.5,0,0,0,0,7,187
477,Khari Blasingame,TEN,FB,24,15,7,0,0,0,0,0,0,0,,0,5,4,39,9.75,0,0,0,0,7.9,138
478,Hunter Bryant,DET,TE,22,5,0,0,0,0,0,0,0,0,,0,3,1,44,44,0,0,0,0,5.4,90
479,Lawrence Cager,NYJ,WR,23,2,1,0,0,0,0,0,0,0,,0,6,2,35,17.5,0,0,0,0,5.5,192
480,River Cracraft,SFO,WR,26,9,1,0,0,0,0,0,0,0,,0,9,6,41,6.83,0,0,0,0,10.1,188
481,Robert Foster,WAS,WR,26,4,2,0,0,0,0,0,0,0,,0,6,2,37,18.5,0,0,0,0,5.7,191
482,Ted Ginn Jr.,CHI,WR,35,6,0,0,0,0,0,0,0,0,,0,6,3,40,13.33,0,1,0,0,7,189
483,Terry Godwin,JAX,WR,24,3,0,0,0,0,0,0,1,3,3,0,6,3,32,10.67,0,0,0,0,6.5,193
484,Tanner Hudson,TAM,TE,26,11,0,0,0,0,0,0,0,0,,0,7,3,41,13.67,0,0,0,0,7.1,92
485,Juwan Johnson,NOR,TE,24,7,4,0,0,0,0,0,0,0,,0,10,4,39,9.75,0,0,0,0,7.9,93
486,Nick Keizer,KAN,TE,25,16,3,0,0,0,0,0,0,0,,0,9,6,63,10.5,0,1,1,0,10.3,91
487,Devine Ozigbo,JAX,RB,24,8,0,0,0,0,0,0,1,1,1,0,9,9,42,4.67,0,0,0,0,13.3,137
488,Elijhaa Penny,NYG,RB,27,14,0,0,0,0,0,0,6,15,2.5,0,3,2,20,10,0,0,0,0,5.5,139
489,Riley Ridley,CHI,WR,24,5,1,0,0,0,0,0,0,0,,0,4,4,39,9.75,0,0,0,0,7.9,190
490,Kahale Warring,HOU,TE,23,7,0,0,0,0,0,0,0,0,,0,7,3,35,11.67,0,0,0,0,6.5,96
491,Charlie Woerner,SFO,TE,23,14,0,0,0,0,0,0,0,0,,0,4,3,36,12,0,0,0,0,6.6,94
492,Deon Yelder,KAN,TE,25,14,1,0,0,0,0,0,0,0,,0,11,7,36,5.14,0,0,0,0,10.6,95
493,Alex Armah,CAR,FB,26,16,1,0,0,0,0,0,6,9,1.5,0,9,5,18,3.6,0,0,0,0,7.7,143
494,Daniel Brown,NYJ,WR,28,16,1,0,0,0,0,0,0,0,,0,2,2,31,15.5,0,0,0,0,5.1,194
495,Stephen Carlson,CLE,TE,24,16,2,0,0,0,0,0,0,0,,0,2,1,11,11,0,0,0,0,4.1,97
496,Ben Ellefson,JAX,TE,24,7,4,0,0,0,0,0,0,0,,0,4,1,10,10,0,0,0,0,4,98
497,Antonio Gandy-Golden,WAS,WR,22,6,2,0,0,0,0,0,1,22,22,0,7,1,3,3,0,0,0,0,3.5,198
498,Jaeden Graham,ATL,TE,25,16,0,0,0,0,0,0,0,0,,0,5,3,25,8.33,0,0,0,0,5.5,99
499,Robert Griffin III,BAL,QB,30,4,1,8,14,42,0,2,12,69,5.75,0,0,0,0,,0,1,1,0,2.6,66
500,Tyler Huntley,BAL,QB,22,2,0,3,5,15,0,0,10,23,2.3,0,0,0,0,,0,0,0,0,2.9,65
501,Josh Malone,NYJ,WR,24,4,0,0,0,0,0,0,1,12,12,0,6,4,16,4,0,0,0,0,6.8,196
502,Rashaad Penny,SEA,RB,24,3,0,0,0,0,0,0,11,34,3.09,0,0,0,0,,0,0,0,0,3.4,140
503,Seth Roberts,CAR,WR,29,7,1,0,0,0,0,0,0,0,,0,6,4,31,7.75,0,0,0,0,7.1,195
504,Bo Scarbrough,SEA,RB,26,1,0,0,0,0,0,0,6,31,5.17,0,0,0,0,,0,0,0,0,3.1,141
505,Darrius Shepherd,GNB,WR,25,8,0,0,0,0,0,0,0,0,,0,8,5,46,9.2,0,1,1,0,7.6,197
506,Austin Walter,SFO,RB,24,4,0,0,0,0,0,0,1,3,3,0,1,1,27,27,0,0,0,0,4,142
507,LeVante Bellamy,DEN,RB,24,5,0,0,0,0,0,0,4,11,2.75,0,1,1,5,5,0,0,0,0,2.6,147
508,David Blough,DET,QB,25,1,0,6,10,49,0,1,1,18,18,0,0,0,0,,0,0,0,0,1.8,73
509,Deontay Burnett,PHI,WR,23,2,0,0,0,0,0,0,0,0,,0,4,3,19,6.33,0,0,0,0,4.9,202
510,Antonio Callaway,MIA,WR,23,5,1,0,0,0,0,0,0,0,,0,4,2,20,10,0,0,0,0,4,201
511,Joshua Dobbs,PIT,QB,25,1,0,4,5,2,0,0,2,20,10,0,0,0,0,,0,0,0,0,2.1,69
512,Rico Dowdle,DAL,RB,22,15,0,0,0,0,0,0,7,24,3.43,0,0,0,0,,0,0,0,0,2.4,144
513,Daurice Fountain,IND,WR,25,5,0,0,0,0,0,0,0,0,,0,3,2,23,11.5,0,0,0,0,4.3,199
514,Penny Hart,SEA,WR,24,13,0,0,0,0,0,0,1,19,19,0,1,1,3,3,0,0,0,0,3.2,200
515,Brian Hoyer,NWE,QB,35,1,1,15,24,130,0,1,1,8,8,0,0,0,0,,0,1,1,0,2,70
516,Jason Huntley,PHI,RB,22,5,0,0,0,0,0,0,5,19,3.8,0,2,1,0,0,0,0,0,0,2.9,145
517,Andy Janovich,CLE,RB,27,14,3,0,0,0,0,0,2,4,2,0,5,2,13,6.5,0,0,0,0,3.7,146
518,Case Keenum,CLE,QB,32,2,0,5,10,46,0,0,0,0,,0,0,0,0,,0,0,0,0,1.8,72
519,Dalton Keene,NWE,TE,21,6,0,0,0,0,0,0,0,0,,0,5,3,16,5.33,0,1,0,0,4.6,100
520,Tommylee Lewis,NOR,WR,28,5,0,0,0,0,0,0,2,14,7,0,3,1,5,5,0,0,0,0,2.9,203
521,Donte Moncrief,NWE,WR,27,6,0,0,0,0,0,0,1,4,4,0,2,1,15,15,0,0,0,0,2.9,204
522,Colby Parkinson,SEA,TE,21,6,0,0,0,0,0,0,0,0,,0,2,2,16,8,0,0,0,0,3.6,101
523,Nathan Peterman,LVR,QB,26,1,0,3,5,25,0,0,1,9,9,0,0,0,0,,0,0,0,0,1.9,71
524,Scottie Phillips,HOU,RB,23,8,0,0,0,0,0,0,2,9,4.5,0,1,1,7,7,0,0,0,0,2.6,148
525,John Ross,CIN,WR,25,3,1,0,0,0,0,0,0,0,,0,7,2,17,8.5,0,0,0,0,3.7,205
526,Eric Saubert,JAX,TE,26,8,4,0,0,0,0,0,0,0,,0,4,3,16,5.33,0,0,0,0,4.6,102
527,Jaleel Scott,NYJ,WR,25,1,1,0,0,0,0,0,0,0,,0,1,1,16,16,0,0,0,0,2.6,206
528,Tommy Stevens,CAR,QB,24,1,0,0,0,0,0,0,4,24,6,0,0,0,0,,0,0,0,0,2.4,67
529,Dwayne Washington,NOR,RB,26,11,0,0,0,0,0,0,8,15,1.88,0,0,0,0,,0,0,0,0,1.5,149
530,Jameis Winston,NOR,QB,26,4,0,7,11,75,0,0,8,-6,-0.75,0,0,0,0,,0,0,0,0,2.4,68
531,Nick Bellore*,SEA,FB,31,16,0,0,0,0,0,0,1,5,5,0,1,1,9,9,0,0,0,0,2.4,150
532,Tyler Bray,CHI,QB,29,1,0,1,5,18,0,0,0,0,,0,0,0,0,,0,0,0,0,0.7,77
533,Jake Butt,DEN,TE,25,5,1,0,0,0,0,0,0,0,,0,4,2,5,2.5,0,0,0,0,2.5,111
534,Derek Carrier,LVR,TE,30,16,0,0,0,0,0,0,0,0,,0,1,1,14,14,0,0,0,0,2.4,103
535,Chandler Cox,MIA,RB,24,8,3,0,0,0,0,0,0,0,,0,2,2,9,4.5,0,0,0,0,2.9,152
536,Josiah Deguara,GNB,TE,23,2,1,0,0,0,0,0,0,0,,0,2,1,12,12,0,0,0,0,2.2,104
537,Gehrig Dieter,KAN,WR,27,4,0,0,0,0,0,0,0,0,,0,2,1,10,10,0,0,0,0,2,213
538,Brandon Dillon,MIN,TE,23,3,0,0,0,0,0,0,0,0,,0,1,1,6,6,0,0,0,0,1.6,108
539,D.J. Foster,ARI,WR,27,10,0,0,0,0,0,0,2,2,1,0,1,1,7,7,0,0,0,0,1.9,214
540,Bennie Fowler,NOR,WR,29,5,0,0,0,0,0,0,0,0,,0,6,2,11,5.5,0,0,0,0,3.1,211
541,Cullen Gillaspia,HOU,RB,25,7,0,0,0,0,0,0,0,0,,0,1,1,6,6,0,0,0,0,1.6,156
542,Temarrick Hemingway,WAS,TE,27,8,0,0,0,0,0,0,0,0,,0,2,1,10,10,0,0,0,0,2,107
543,Cody Hollister,TEN,WR,27,2,0,0,0,0,0,0,0,0,,0,1,1,12,12,0,0,0,0,2.2,210
544,Trenton Irwin,CIN,WR,25,1,0,0,0,0,0,0,0,0,,0,2,1,5,5,0,0,0,0,1.5,215
545,Blake Jarwin,DAL,TE,26,1,1,0,0,0,0,0,0,0,,0,1,1,12,12,0,0,0,0,2.2,105
546,Tony Jones,NOR,RB,23,1,1,0,0,0,0,0,3,13,4.33,0,0,0,0,,0,0,0,0,1.3,151
547,Marcus Kemp,2TM,WR,25,11,0,0,0,0,0,0,0,0,,0,1,1,11,11,0,0,0,0,2.1,212
548,Keith Kirkwood,CAR,WR,26,1,0,0,0,0,0,0,0,0,,0,2,1,13,13,0,0,0,0,2.3,208
549,John Lovett,GNB,TE,24,8,0,0,0,0,0,0,3,6,2,0,0,0,0,,0,0,0,0,0.6,109
550,A.J. McCarron,HOU,QB,30,2,0,1,1,20,0,0,0,0,,0,0,0,0,,0,0,0,0,0.8,76
551,Lamar Miller,CHI,RB,29,1,0,0,0,0,0,0,0,0,,0,2,2,6,3,0,0,0,0,2.6,157
552,Senorise Perry,TEN,RB,29,7,0,0,0,0,0,0,2,9,4.5,0,0,0,0,,0,0,0,0,0.9,153
553,James Proche,BAL,WR,24,14,0,0,0,0,0,0,0,0,,0,3,1,14,14,0,0,0,0,2.4,207
554,Craig Reynolds,JAX,RB,24,2,0,0,0,0,0,0,1,4,4,0,1,1,3,3,0,0,0,0,1.7,155
555,Geno Smith,SEA,QB,30,1,0,4,5,33,0,0,2,-2,-1,0,0,0,0,,0,1,0,0,1.1,75
556,Vyncint Smith,NYJ,WR,24,7,0,0,0,0,0,0,0,0,,0,3,1,13,13,0,0,0,0,2.3,209
557,Jeremy Sprinkle,WAS,TE,26,16,6,0,0,0,0,0,0,0,,0,3,1,6,6,0,0,0,0,1.6,110
558,Trevon Wesco,NYJ,TE,25,12,4,0,0,0,0,0,1,0,0,0,2,1,5,5,0,0,0,0,1.5,112
559,Dexter Williams,GNB,RB,23,3,0,0,0,0,0,0,2,8,4,0,0,0,0,,0,0,0,0,0.8,154
560,Jonathan Williams,DET,RB,26,5,0,0,0,0,0,0,1,5,5,0,4,4,21,5.25,0,1,1,0,4.6,158
561,Luke Willson,2TM,TE,30,8,0,0,0,0,0,0,0,0,,0,3,1,12,12,0,0,0,0,2.2,106
562,Logan Woodside,TEN,QB,25,6,0,1,3,7,0,0,7,10,1.43,0,0,0,0,,0,0,0,0,1.3,74
563,Antony Auclair,TAM,TE,27,8,2,0,0,0,0,0,0,0,,0,1,0,0,,0,,0,0,,115
564,Tavon Austin,GNB,WR,30,4,0,0,0,0,0,0,0,0,,0,5,5,20,4,0,1,1,0,5,217
565,Alex Bachman,NYG,WR,24,1,0,0,0,0,0,0,0,0,,0,0,0,0,,0,,0,0,,218
566,Jeff Badet,WAS,WR,26,3,0,0,0,0,0,0,0,0,,0,1,0,0,,0,,0,0,,219
567,Jake Bargas,MIN,FB,24,1,0,0,0,0,0,0,0,0,,0,0,0,0,,0,,0,0,,162
568,Kenjon Barner,TAM,RB,31,6,0,0,0,0,0,0,0,0,,0,1,0,0,,0,0,0,0,,163
569,Marcus Baugh,WAS,TE,26,8,1,0,0,0,0,0,0,0,,0,1,1,2,2,0,0,0,0,1.2,114
570,Evan Baylis,ARI,TE,27,5,1,0,0,0,0,0,0,0,,0,0,0,0,,0,,0,0,,116
571,Andrew Beck,DEN,TE,24,10,0,0,0,0,0,0,0,0,,0,0,0,0,,0,,0,0,,117
572,Nate Becker,BUF,TE,24,1,0,0,0,0,0,0,0,0,,0,0,0,0,,0,,0,0,,118
573,Reggie Begelton,GNB,WR,27,1,0,0,0,0,0,0,0,0,,0,0,0,0,,0,,0,0,,220
574,Rashod Berry,NWE,TE,24,3,0,0,0,0,0,0,0,0,,0,0,0,0,,0,,0,0,,119
575,Darius Bradwell,LAC,FB,23,2,0,0,0,0,0,0,0,0,,0,0,0,0,,0,,0,0,,164
576,Beau Brinkley,TEN,TE,30,7,0,0,0,0,0,0,0,0,,0,0,0,0,,0,1,0,0,,120
577,Tony Brooks-James,ATL,RB,26,1,0,0,0,0,0,0,3,4,1.33,0,0,0,0,,0,0,0,0,0.4,159
578,Fred Brown,DEN,WR,27,1,0,0,0,0,0,0,0,0,,0,0,0,0,,0,,0,0,,221
579,Tony Brown,WAS,WR,23,1,0,0,0,0,0,0,0,0,,0,0,0,0,,0,,0,0,,222
580,Deante Burton,DAL,WR,26,4,0,0,0,0,0,0,0,0,,0,0,0,0,,0,,0,0,,223
581,Hakeem Butler,PHI,WR,24,2,0,0,0,0,0,0,0,0,,0,1,0,0,,0,,0,0,,224
582,Deon Cain,PIT,WR,24,2,0,0,0,0,0,0,0,0,,0,0,0,0,,0,,0,0,,225
583,Raymond Calais,LAR,RB,22,4,0,0,0,0,0,0,0,0,,0,0,0,0,,0,0,0,0,,165
584,Dan Chisena,MIN,WR,23,14,0,0,0,0,0,0,0,0,,0,0,0,0,,0,0,0,0,,226
585,Matt Cole,SFO,WR,24,1,0,0,0,0,0,0,0,0,,0,0,0,0,,0,,0,0,,227
586,Nathan Cottrell,JAX,RB,24,8,0,0,0,0,0,0,0,0,,0,0,0,0,,0,0,0,0,,166
587,Isaiah Coulter,HOU,WR,22,1,0,0,0,0,0,0,0,0,,0,0,0,0,,0,,0,0,,228
588,Jeremy Cox,DEN,RB,24,7,1,0,0,0,0,0,0,0,,0,0,0,0,,0,,0,0,,167
589,Sean Culkin,BAL,TE,27,1,0,0,0,0,0,0,0,0,,0,0,0,0,,0,,0,0,,121
590,Tyler Davis,JAX,TE,23,8,0,0,0,0,0,0,0,0,,0,2,0,0,,0,,0,0,,122
591,Seth Devalve,ARI,TE,27,4,0,0,0,0,0,0,0,0,,0,1,0,0,,0,0,0,0,,123
592,Keelan Doss,LVR,WR,24,1,0,0,0,0,0,0,0,0,,0,0,0,0,,0,,0,0,,229
593,Trey Edmunds,PIT,RB,26,4,0,0,0,0,0,0,0,0,,0,0,0,0,,0,,0,0,,168
594,Zach Gentry,PIT,TE,24,2,1,0,0,0,0,0,0,0,,0,0,0,0,,0,,0,0,,124
595,Cyril Grayson,TAM,WR,27,3,0,0,0,0,0,0,0,0,,0,3,0,0,,0,0,0,0,,230
596,Farrod Green,IND,TE,23,1,0,0,0,0,0,0,0,0,,0,0,0,0,,0,,0,0,,125
597,Garrett Griffin,NOR,TE,26,4,3,0,0,0,0,0,0,0,,0,0,0,0,,0,,0,0,,126
598,Justin Hardee,NOR,WR,26,10,0,0,0,0,0,0,0,0,,0,0,0,0,,0,,0,0,,231
599,Daniel Helm,SFO,TE,25,5,0,0,0,0,0,0,0,0,,0,0,0,0,,0,,0,0,,127
600,Hale Hentges,MIN,TE,24,1,0,0,0,0,0,0,0,0,,0,0,0,0,,0,,0,0,,128
601,J.P. Holtz,CHI,TE,27,16,1,0,0,0,0,0,0,0,,0,1,0,0,,0,0,0,0,,129
602,Johnny Holton,NYG,WR,30,1,0,0,0,0,0,0,0,0,,0,0,0,0,,0,,0,0,,232
603,Brycen Hopkins,LAR,TE,23,5,0,0,0,0,0,0,0,0,,0,0,0,0,,0,,0,0,,130
604,Taiwan Jones,BUF,RB,32,13,0,0,0,0,0,0,0,0,,0,2,0,0,,0,,0,0,,169
605,Xavier Jones,LAR,RB,23,13,0,0,0,0,0,0,0,0,,0,0,0,0,,0,0,0,0,,170
606,Javon Leake,WAS,RB,22,1,0,0,0,0,0,0,0,0,,0,0,0,0,,0,,0,0,,171
607,Jordan Matthews,SFO,WR,28,2,0,0,0,0,0,0,0,0,,0,0,0,0,,0,,0,0,,233
608,Sean McKeon,DAL,TE,23,14,1,0,0,0,0,0,0,0,,0,0,0,0,,0,,0,0,,131
609,Kirk Merritt,MIA,WR,23,1,0,0,0,0,0,0,0,0,,0,0,0,0,,0,0,0,0,,234
610,Marken Michel,CAR,WR,27,2,0,0,0,0,0,0,0,0,,0,0,0,0,,0,,0,0,,235
611,Bruce Miller,JAX,FB,33,8,5,0,0,0,0,0,0,0,,0,2,1,2,2,0,0,0,0,1.2,161
612,Chris Moore,BAL,WR,27,3,0,0,0,0,0,0,0,0,,0,0,0,0,,0,,0,0,,236
613,Jason Moore,LAC,WR,25,2,0,0,0,0,0,0,0,0,,0,0,0,0,,0,,0,0,,237
614,Stanley Morgan Jr.,CIN,WR,24,6,0,0,0,0,0,0,0,0,,0,0,0,0,,0,,0,0,,238
615,Chris Myarick,MIA,TE,25,3,0,0,0,0,0,0,0,0,,0,0,0,0,,0,,0,0,,132
616,Jojo Natson,CLE,WR,26,3,0,0,0,0,0,0,1,3,3,0,0,0,0,,0,0,0,0,0.3,216
617,Isaac Nauta,DET,TE,23,7,0,0,0,0,0,0,0,0,,0,2,1,3,3,0,0,0,0,1.3,113
618,Qadree Ollison,ATL,RB,24,3,0,0,0,0,0,0,1,3,3,0,0,0,0,,0,0,0,0,0.3,160
619,Sewo Olonilua,DAL,RB,23,2,0,0,0,0,0,0,0,0,,0,0,0,0,,0,,0,0,,172
620,K.J. Osborn,MIN,WR,23,9,0,0,0,0,0,0,0,0,,0,0,0,0,,0,2,0,0,,239
621,Dezmon Patmon,IND,WR,22,1,0,0,0,0,0,0,0,0,,0,0,0,0,,0,,0,0,,240
622,Trey Quinn,JAX,WR,25,1,0,0,0,0,0,0,0,0,,0,0,0,0,,0,0,0,0,,241
623,Kevin Rader,PIT,TE,25,1,1,0,0,0,0,0,0,0,,0,1,0,0,,0,,0,0,,133
624,Chris Rowland,ATL,WR,23,2,0,0,0,0,0,0,0,0,,0,0,0,0,,0,0,0,0,,242
625,Matt Schaub,ATL,QB,39,1,0,0,0,0,0,0,3,-4,-1.33,0,0,0,0,,0,0,0,0,-0.4,80
626,Mason Schreck,CIN,TE,27,14,1,0,0,0,0,0,0,0,,0,1,0,0,,0,,0,0,,134
627,Ricky Seals-Jones,KAN,WR,25,2,0,0,0,0,0,0,0,0,,0,1,0,0,,0,,0,0,,243
628,Tajae Sharpe,MIN,WR,26,4,0,0,0,0,0,0,0,0,,0,3,0,0,,0,,0,0,,244
629,Matthew Slater*,NWE,WR,35,16,0,0,0,0,0,0,0,0,,0,0,0,0,,0,,0,0,,245
630,Wendell Smallwood,PIT,RB,26,1,0,0,0,0,0,0,0,0,,0,0,0,0,,0,,0,0,,173
631,Matt Sokol,LAC,TE,25,2,0,0,0,0,0,0,0,0,,0,0,0,0,,0,,0,0,,135
632,Jayson Stanley,SEA,WR,23,8,0,0,0,0,0,0,0,0,,0,0,0,0,,0,,0,0,,246
633,Johnny Stanton,CLE,FB,26,1,0,0,0,0,0,0,0,0,,0,0,0,0,,0,,0,0,,174
634,Easton Stick,LAC,QB,25,1,0,1,1,4,0,0,1,-2,-2,0,0,0,0,,0,0,0,0,,79
635,Stephen Sullivan,SEA,TE,24,1,0,0,0,0,0,0,0,0,,0,0,0,0,,0,,0,0,,136
636,Taywan Taylor,CLE,WR,25,3,0,0,0,0,0,0,0,0,,0,1,0,0,,0,,0,0,,247
637,Noah Togiai,IND,TE,23,4,0,0,0,0,0,0,0,0,,0,1,0,0,,0,,0,0,,137
638,Eric Tomlinson,2TM,TE,28,7,2,0,0,0,0,0,0,0,,0,1,0,0,,0,,0,0,,138
639,Malik Turner,DAL,WR,24,6,0,0,0,0,0,0,0,0,,0,0,0,0,,0,,0,0,,248
640,Michael Warren,WAS,RB,22,1,0,0,0,0,0,0,0,0,,0,0,0,0,,0,,0,0,,175
641,Derek Watt,PIT,FB,28,12,0,0,0,0,0,0,0,0,,0,0,0,0,,0,0,0,0,,176
642,Joe Webb,NYG,QB,34,2,0,0,0,0,0,0,0,0,,0,0,0,0,,0,,0,0,,78
643,Kevin White,SFO,WR,28,3,0,0,0,0,0,0,0,0,,0,0,0,0,,0,0,0,0,,249
644,Kristian Wilkerson,NWE,WR,23,1,0,0,0,0,0,0,0,0,,0,0,0,0,,0,,0,0,,250
645,Derrick Willies,CLE,WR,26,1,0,0,0,0,0,0,0,0,,0,0,0,0,,0,,0,0,,251
646,Duke Williams,BUF,WR,28,1,0,0,0,0,0,0,0,0,,0,0,0,0,,0,,0,0,,252
647,Caleb Wilson,PHI,TE,24,5,0,0,0,0,0,0,0,0,,0,0,0,0,,0,,0,0,,139
648,Juwann Winfree,GNB,WR,24,2,0,0,0,0,0,0,0,0,,0,0,0,0,,0,,0,0,,253
649,Tim Boyle,GNB,QB,26,8,0,0,0,0,0,0,13,-9,-0.69,0,0,0,0,,0,1,0,0,-0.9,81
650,DeAndre Carter,2TM,WR,27,13,0,0,0,0,0,0,0,0,,0,2,1,8,8,0,2,1,0,-0.2,255
651,Adrian Killins,PHI,RB,22,1,0,0,0,0,0,0,1,-12,-12,0,1,1,2,2,0,0,0,0,,177
652,Andre Roberts*,BUF,WR,32,15,0,0,0,0,0,0,1,-3,-3,0,5,4,34,8.5,0,3,2,0,3.1,254
653,Dwayne Harris,CHI,WR,33,3,0,0,0,0,0,0,0,0,,0,0,0,0,,0,1,1,0,-2,257
654,Nate Sudfeld,PHI,QB,27,1,0,5,12,32,0,1,2,12,6,0,0,0,0,,0,1,1,0,-1.5,82
655,Nsimba Webster,LAR,WR,24,16,0,0,0,0,0,0,0,0,,0,0,0,0,,0,3,1,0,-2,258
656,Dede Westbrook,JAX,WR,27,2,0,0,0,0,0,0,0,0,,0,1,1,4,4,0,1,1,0,-0.6,256
657,Kendall Hinton,DEN,WR,23,1,0,1,9,13,0,2,2,7,3.5,0,0,0,0,,0,0,0,0,-2.8,259